id,Action,Animation,Comedy,Documentary,Drama,Horror,Romance,Thriller
32,,,,,,,,
91,,,,,,,,
114,,,,,,,,
142,,,,,,,,
156,,,,,,,,
219,,,,,,,,
249,,,,,,,,
284,,,,,,,,
289,,,,,,,,
318,,,,,,,,
340,,,,,,,,
350,,,,,,,,
397,,,,,,,,
434,,,,,,,,
439,,,,,,,,
513,,,,,,,,
537,,,,,,,,
542,,,,,,,,
543,,,,,,,,
555,,,,,,,,
562,,,,,,,,
649,,,,,,,,
666,,,,,,,,
703,,,,,,,,
825,,,,,,,,
867,,,,,,,,
911,,,,,,,,
948,,,,,,,,
994,,,,,,,,
1259,,,,,,,,
1278,,,,,,,,
1481,,,,,,,,
1542,,,,,,,,
1549,,,,,,,,
1557,,,,,,,,
1572,,,,,,,,
1598,,,,,,,,
1599,,,,,,,,
1633,,,,,,,,
1647,,,,,,,,
1665,,,,,,,,
1683,,,,,,,,
1698,,,,,,,,
1700,,,,,,,,
1715,,,,,,,,
1782,,,,,,,,
1802,,,,,,,,
1812,,,,,,,,
1815,,,,,,,,
1833,,,,,,,,
1850,,,,,,,,
1873,,,,,,,,
1978,,,,,,,,
1991,,,,,,,,
2038,,,,,,,,
2058,,,,,,,,
2139,,,,,,,,
2205,,,,,,,,
2232,,,,,,,,
2246,,,,,,,,
2302,,,,,,,,
2349,,,,,,,,
2385,,,,,,,,
2442,,,,,,,,
2453,,,,,,,,
2460,,,,,,,,
2625,,,,,,,,
2671,,,,,,,,
2755,,,,,,,,
2771,,,,,,,,
2912,,,,,,,,
2990,,,,,,,,
3015,,,,,,,,
3033,,,,,,,,
3043,,,,,,,,
3560,,,,,,,,
3586,,,,,,,,
3595,,,,,,,,
3631,,,,,,,,
3780,,,,,,,,
3940,,,,,,,,
4031,,,,,,,,
4104,,,,,,,,
4204,,,,,,,,
4370,,,,,,,,
4421,,,,,,,,
4462,,,,,,,,
4507,,,,,,,,
4564,,,,,,,,
4579,,,,,,,,
4587,,,,,,,,
4611,,,,,,,,
4837,,,,,,,,
4889,,,,,,,,
4930,,,,,,,,
4953,,,,,,,,
4970,,,,,,,,
5047,,,,,,,,
5063,,,,,,,,
5080,,,,,,,,
5143,,,,,,,,
5187,,,,,,,,
5205,,,,,,,,
5424,,,,,,,,
5443,,,,,,,,
5458,,,,,,,,
5483,,,,,,,,
5733,,,,,,,,
5760,,,,,,,,
5767,,,,,,,,
5825,,,,,,,,
5899,,,,,,,,
5900,,,,,,,,
6007,,,,,,,,
6058,,,,,,,,
6072,,,,,,,,
6469,,,,,,,,
6623,,,,,,,,
6636,,,,,,,,
6883,,,,,,,,
7350,,,,,,,,
7509,,,,,,,,
7735,,,,,,,,
7861,,,,,,,,
8047,,,,,,,,
8049,,,,,,,,
8055,,,,,,,,
8129,,,,,,,,
8275,,,,,,,,
8279,,,,,,,,
8420,,,,,,,,
8494,,,,,,,,
8653,,,,,,,,
8696,,,,,,,,
8736,,,,,,,,
8770,,,,,,,,
8816,,,,,,,,
8832,,,,,,,,
8842,,,,,,,,
8845,,,,,,,,
8944,,,,,,,,
9051,,,,,,,,
9062,,,,,,,,
9261,,,,,,,,
9299,,,,,,,,
9301,,,,,,,,
9373,,,,,,,,
9378,,,,,,,,
9412,,,,,,,,
9455,,,,,,,,
9460,,,,,,,,
9499,,,,,,,,
9552,,,,,,,,
9603,,,,,,,,
9614,,,,,,,,
9646,,,,,,,,
9666,,,,,,,,
9673,,,,,,,,
9688,,,,,,,,
9692,,,,,,,,
9717,,,,,,,,
9725,,,,,,,,
9726,,,,,,,,
9731,,,,,,,,
9776,,,,,,,,
9784,,,,,,,,
9786,,,,,,,,
9821,,,,,,,,
9842,,,,,,,,
9873,,,,,,,,
9889,,,,,,,,
9935,,,,,,,,
9940,,,,,,,,
9991,,,,,,,,
10000,,,,,,,,
10050,,,,,,,,
10066,,,,,,,,
10071,,,,,,,,
10073,,,,,,,,
10116,,,,,,,,
10119,,,,,,,,
10124,,,,,,,,
10171,,,,,,,,
10201,,,,,,,,
10209,,,,,,,,
10241,,,,,,,,
10247,,,,,,,,
10251,,,,,,,,
10270,,,,,,,,
10289,,,,,,,,
10294,,,,,,,,
10297,,,,,,,,
10327,,,,,,,,
10431,,,,,,,,
10451,,,,,,,,
10499,,,,,,,,
10518,,,,,,,,
10552,,,,,,,,
10582,,,,,,,,
10591,,,,,,,,
10611,,,,,,,,
10660,,,,,,,,
10726,,,,,,,,
10744,,,,,,,,
10746,,,,,,,,
10780,,,,,,,,
10781,,,,,,,,
10790,,,,,,,,
10819,,,,,,,,
10850,,,,,,,,
10862,,,,,,,,
10863,,,,,,,,
10931,,,,,,,,
10978,,,,,,,,
11000,,,,,,,,
11010,,,,,,,,
11025,,,,,,,,
11050,,,,,,,,
11061,,,,,,,,
11091,,,,,,,,
11115,,,,,,,,
11133,,,,,,,,
11152,,,,,,,,
11186,,,,,,,,
11187,,,,,,,,
11204,,,,,,,,
11240,,,,,,,,
11284,,,,,,,,
11287,,,,,,,,
11303,,,,,,,,
11332,,,,,,,,
11364,,,,,,,,
11404,,,,,,,,
11431,,,,,,,,
11442,,,,,,,,
11467,,,,,,,,
11474,,,,,,,,
11506,,,,,,,,
11593,,,,,,,,
11690,,,,,,,,
11752,,,,,,,,
11765,,,,,,,,
11801,,,,,,,,
11823,,,,,,,,
11868,,,,,,,,
11889,,,,,,,,
11890,,,,,,,,
11930,,,,,,,,
11951,,,,,,,,
12229,,,,,,,,
12235,,,,,,,,
12484,,,,,,,,
12485,,,,,,,,
12502,,,,,,,,
12517,,,,,,,,
12568,,,,,,,,
12572,,,,,,,,
12645,,,,,,,,
12649,,,,,,,,
12682,,,,,,,,
12708,,,,,,,,
12791,,,,,,,,
12802,,,,,,,,
12806,,,,,,,,
12818,,,,,,,,
12912,,,,,,,,
13003,,,,,,,,
13023,,,,,,,,
13055,,,,,,,,
13153,,,,,,,,
13160,,,,,,,,
13162,,,,,,,,
13163,,,,,,,,
13168,,,,,,,,
13169,,,,,,,,
13196,,,,,,,,
13243,,,,,,,,
13277,,,,,,,,
13295,,,,,,,,
13299,,,,,,,,
13312,,,,,,,,
13340,,,,,,,,
13346,,,,,,,,
13471,,,,,,,,
13481,,,,,,,,
13511,,,,,,,,
13514,,,,,,,,
13550,,,,,,,,
13559,,,,,,,,
13567,,,,,,,,
13580,,,,,,,,
13581,,,,,,,,
13650,,,,,,,,
13653,,,,,,,,
13708,,,,,,,,
13722,,,,,,,,
13795,,,,,,,,
13891,,,,,,,,
13915,,,,,,,,
13966,,,,,,,,
13973,,,,,,,,
13988,,,,,,,,
13998,,,,,,,,
14014,,,,,,,,
14057,,,,,,,,
14072,,,,,,,,
14118,,,,,,,,
14256,,,,,,,,
14289,,,,,,,,
14313,,,,,,,,
14347,,,,,,,,
14365,,,,,,,,
14395,,,,,,,,
14434,,,,,,,,
14445,,,,,,,,
14536,,,,,,,,
14564,,,,,,,,
14570,,,,,,,,
14627,,,,,,,,
14636,,,,,,,,
14637,,,,,,,,
14652,,,,,,,,
14662,,,,,,,,
14681,,,,,,,,
14736,,,,,,,,
14746,,,,,,,,
14843,,,,,,,,
14913,,,,,,,,
14928,,,,,,,,
14940,,,,,,,,
15014,,,,,,,,
15042,,,,,,,,
15124,,,,,,,,
15177,,,,,,,,
15247,,,,,,,,
15250,,,,,,,,
15256,,,,,,,,
15276,,,,,,,,
15282,,,,,,,,
15318,,,,,,,,
15340,,,,,,,,
15342,,,,,,,,
15361,,,,,,,,
15516,,,,,,,,
15558,,,,,,,,
15611,,,,,,,,
15667,,,,,,,,
15719,,,,,,,,
15772,,,,,,,,
15830,,,,,,,,
15860,,,,,,,,
15915,,,,,,,,
15932,,,,,,,,
15977,,,,,,,,
16010,,,,,,,,
16022,,,,,,,,
16080,,,,,,,,
16082,,,,,,,,
16083,,,,,,,,
16116,,,,,,,,
16135,,,,,,,,
16147,,,,,,,,
16158,,,,,,,,
16166,,,,,,,,
16235,,,,,,,,
16274,,,,,,,,
16277,,,,,,,,
16312,,,,,,,,
16325,,,,,,,,
16335,,,,,,,,
16382,,,,,,,,
16388,,,,,,,,
16422,,,,,,,,
16428,,,,,,,,
16463,,,,,,,,
16532,,,,,,,,
16576,,,,,,,,
16635,,,,,,,,
16643,,,,,,,,
16668,,,,,,,,
16672,,,,,,,,
16693,,,,,,,,
16800,,,,,,,,
16902,,,,,,,,
16987,,,,,,,,
17025,,,,,,,,
17082,,,,,,,,
17106,,,,,,,,
17143,,,,,,,,
17152,,,,,,,,
17166,,,,,,,,
17236,,,,,,,,
17245,,,,,,,,
17277,,,,,,,,
17335,,,,,,,,
17413,,,,,,,,
17467,,,,,,,,
17629,,,,,,,,
17657,,,,,,,,
17770,,,,,,,,
17780,,,,,,,,
17894,,,,,,,,
17906,,,,,,,,
17941,,,,,,,,
17978,,,,,,,,
18168,,,,,,,,
18210,,,,,,,,
18248,,,,,,,,
18414,,,,,,,,
18417,,,,,,,,
18447,,,,,,,,
18460,,,,,,,,
18464,,,,,,,,
18486,,,,,,,,
18550,,,,,,,,
18575,,,,,,,,
18603,,,,,,,,
18616,,,,,,,,
18624,,,,,,,,
18755,,,,,,,,
18932,,,,,,,,
18947,,,,,,,,
18971,,,,,,,,
19109,,,,,,,,
19112,,,,,,,,
19143,,,,,,,,
19157,,,,,,,,
19158,,,,,,,,
19178,,,,,,,,
19185,,,,,,,,
19197,,,,,,,,
19204,,,,,,,,
19265,,,,,,,,
19361,,,,,,,,
19398,,,,,,,,
19413,,,,,,,,
19423,,,,,,,,
19508,,,,,,,,
19528,,,,,,,,
19565,,,,,,,,
19587,,,,,,,,
19603,,,,,,,,
19625,,,,,,,,
19629,,,,,,,,
19713,,,,,,,,
19822,,,,,,,,
19837,,,,,,,,
19929,,,,,,,,
19936,,,,,,,,
19951,,,,,,,,
19988,,,,,,,,
19996,,,,,,,,
20016,,,,,,,,
20048,,,,,,,,
20162,,,,,,,,
20215,,,,,,,,
20360,,,,,,,,
20367,,,,,,,,
20390,,,,,,,,
20441,,,,,,,,
20453,,,,,,,,
20513,,,,,,,,
20534,,,,,,,,
20645,,,,,,,,
20724,,,,,,,,
20762,,,,,,,,
20780,,,,,,,,
20837,,,,,,,,
20943,,,,,,,,
21001,,,,,,,,
21035,,,,,,,,
21041,,,,,,,,
21055,,,,,,,,
21141,,,,,,,,
21189,,,,,,,,
21382,,,,,,,,
21484,,,,,,,,
21486,,,,,,,,
21587,,,,,,,,
21763,,,,,,,,
21800,,,,,,,,
21955,,,,,,,,
22085,,,,,,,,
22100,,,,,,,,
22414,,,,,,,,
22419,,,,,,,,
22426,,,,,,,,
22489,,,,,,,,
22579,,,,,,,,
22597,,,,,,,,
22623,,,,,,,,
22625,,,,,,,,
22804,,,,,,,,
22829,,,,,,,,
23019,,,,,,,,
23096,,,,,,,,
23111,,,,,,,,
23152,,,,,,,,
23159,,,,,,,,
23310,,,,,,,,
23377,,,,,,,,
23404,,,,,,,,
23427,,,,,,,,
23476,,,,,,,,
23638,,,,,,,,
23782,,,,,,,,
23817,,,,,,,,
23981,,,,,,,,
23989,,,,,,,,
24002,,,,,,,,
24050,,,,,,,,
24055,,,,,,,,
24077,,,,,,,,
24195,,,,,,,,
24403,,,,,,,,
24422,,,,,,,,
24438,,,,,,,,
24447,,,,,,,,
24518,,,,,,,,
24546,,,,,,,,
24577,,,,,,,,
24578,,,,,,,,
24681,,,,,,,,
24686,,,,,,,,
24702,,,,,,,,
24711,,,,,,,,
24775,,,,,,,,
24864,,,,,,,,
24881,,,,,,,,
24927,,,,,,,,
24955,,,,,,,,
24971,,,,,,,,
25010,,,,,,,,
25041,,,,,,,,
25087,,,,,,,,
25095,,,,,,,,
25107,,,,,,,,
25113,,,,,,,,
25147,,,,,,,,
25161,,,,,,,,
25218,,,,,,,,
25239,,,,,,,,
25283,,,,,,,,
25289,,,,,,,,
25355,,,,,,,,
25358,,,,,,,,
25403,,,,,,,,
25431,,,,,,,,
25435,,,,,,,,
25447,,,,,,,,
25451,,,,,,,,
25504,,,,,,,,
25532,,,,,,,,
25636,,,,,,,,
25641,,,,,,,,
25684,,,,,,,,
25697,,,,,,,,
25713,,,,,,,,
25716,,,,,,,,
25852,,,,,,,,
25869,,,,,,,,
25919,,,,,,,,
25946,,,,,,,,
25968,,,,,,,,
26056,,,,,,,,
26125,,,,,,,,
26126,,,,,,,,
26147,,,,,,,,
26229,,,,,,,,
26338,,,,,,,,
26468,,,,,,,,
26472,,,,,,,,
26482,,,,,,,,
26555,,,,,,,,
26583,,,,,,,,
26588,,,,,,,,
26673,,,,,,,,
26675,,,,,,,,
26827,,,,,,,,
26855,,,,,,,,
26933,,,,,,,,
26959,,,,,,,,
27031,,,,,,,,
27058,,,,,,,,
27116,,,,,,,,
27122,,,,,,,,
27182,,,,,,,,
27297,,,,,,,,
27298,,,,,,,,
27374,,,,,,,,
27405,,,,,,,,
27446,,,,,,,,
27483,,,,,,,,
27498,,,,,,,,
27612,,,,,,,,
27622,,,,,,,,
27624,,,,,,,,
27630,,,,,,,,
27632,,,,,,,,
27647,,,,,,,,
27658,,,,,,,,
27665,,,,,,,,
27674,,,,,,,,
27683,,,,,,,,
27708,,,,,,,,
27719,,,,,,,,
27730,,,,,,,,
27734,,,,,,,,
27770,,,,,,,,
27791,,,,,,,,
27845,,,,,,,,
27878,,,,,,,,
27933,,,,,,,,
27995,,,,,,,,
28025,,,,,,,,
28029,,,,,,,,
28031,,,,,,,,
28033,,,,,,,,
28041,,,,,,,,
28071,,,,,,,,
28136,,,,,,,,
28177,,,,,,,,
28320,,,,,,,,
28344,,,,,,,,
28351,,,,,,,,
28373,,,,,,,,
28403,,,,,,,,
28406,,,,,,,,
28446,,,,,,,,
28466,,,,,,,,
28467,,,,,,,,
28485,,,,,,,,
28522,,,,,,,,
28528,,,,,,,,
28542,,,,,,,,
28586,,,,,,,,
28659,,,,,,,,
28686,,,,,,,,
28718,,,,,,,,
28753,,,,,,,,
28793,,,,,,,,
28834,,,,,,,,
28881,,,,,,,,
28917,,,,,,,,
29030,,,,,,,,
29074,,,,,,,,
29092,,,,,,,,
29098,,,,,,,,
29113,,,,,,,,
29129,,,,,,,,
29189,,,,,,,,
29212,,,,,,,,
29235,,,,,,,,
29251,,,,,,,,
29299,,,,,,,,
29393,,,,,,,,
29396,,,,,,,,
29448,,,,,,,,
29490,,,,,,,,
29514,,,,,,,,
29527,,,,,,,,
29562,,,,,,,,
29617,,,,,,,,
29637,,,,,,,,
29692,,,,,,,,
29756,,,,,,,,
29825,,,,,,,,
29858,,,,,,,,
29886,,,,,,,,
29895,,,,,,,,
29906,,,,,,,,
29926,,,,,,,,
29965,,,,,,,,
30023,,,,,,,,
30043,,,,,,,,
30069,,,,,,,,
30112,,,,,,,,
30118,,,,,,,,
30123,,,,,,,,
30124,,,,,,,,
30142,,,,,,,,
30278,,,,,,,,
30286,,,,,,,,
30358,,,,,,,,
30413,,,,,,,,
30443,,,,,,,,
30449,,,,,,,,
30526,,,,,,,,
30528,,,,,,,,
30619,,,,,,,,
30664,,,,,,,,
30666,,,,,,,,
30706,,,,,,,,
30779,,,,,,,,
30792,,,,,,,,
30799,,,,,,,,
30817,,,,,,,,
30885,,,,,,,,
30888,,,,,,,,
30892,,,,,,,,
30918,,,,,,,,
30929,,,,,,,,
31016,,,,,,,,
31031,,,,,,,,
31118,,,,,,,,
31125,,,,,,,,
31146,,,,,,,,
31179,,,,,,,,
31306,,,,,,,,
31357,,,,,,,,
31382,,,,,,,,
31410,,,,,,,,
31444,,,,,,,,
31498,,,,,,,,
31522,,,,,,,,
31605,,,,,,,,
31643,,,,,,,,
31780,,,,,,,,
31913,,,,,,,,
32031,,,,,,,,
32034,,,,,,,,
32043,,,,,,,,
32074,,,,,,,,
32083,,,,,,,,
32173,,,,,,,,
32272,,,,,,,,
32296,,,,,,,,
32318,,,,,,,,
32323,,,,,,,,
32488,,,,,,,,
32519,,,,,,,,
32533,,,,,,,,
32540,,,,,,,,
32590,,,,,,,,
32627,,,,,,,,
32665,,,,,,,,
32683,,,,,,,,
32862,,,,,,,,
32928,,,,,,,,
32947,,,,,,,,
32978,,,,,,,,
33018,,,,,,,,
33025,,,,,,,,
33030,,,,,,,,
33039,,,,,,,,
33283,,,,,,,,
33329,,,,,,,,
33358,,,,,,,,
33364,,,,,,,,
33375,,,,,,,,
33446,,,,,,,,
33506,,,,,,,,
33560,,,,,,,,
33587,,,,,,,,
33607,,,,,,,,
33646,,,,,,,,
33767,,,,,,,,
33793,,,,,,,,
33823,,,,,,,,
33908,,,,,,,,
33974,,,,,,,,
34013,,,,,,,,
34014,,,,,,,,
34018,,,,,,,,
34057,,,,,,,,
34148,,,,,,,,
34168,,,,,,,,
34299,,,,,,,,
34305,,,,,,,,
34388,,,,,,,,
34416,,,,,,,,
34417,,,,,,,,
34526,,,,,,,,
34604,,,,,,,,
34767,,,,,,,,
34794,,,,,,,,
34847,,,,,,,,
35004,,,,,,,,
35075,,,,,,,,
35102,,,,,,,,
35170,,,,,,,,
35188,,,,,,,,
35337,,,,,,,,
35403,,,,,,,,
35452,,,,,,,,
35696,,,,,,,,
35789,,,,,,,,
35821,,,,,,,,
35861,,,,,,,,
35888,,,,,,,,
35942,,,,,,,,
35946,,,,,,,,
36006,,,,,,,,
36074,,,,,,,,
36106,,,,,,,,
36129,,,,,,,,
36159,,,,,,,,
36162,,,,,,,,
36181,,,,,,,,
36199,,,,,,,,
36275,,,,,,,,
36361,,,,,,,,
36412,,,,,,,,
36414,,,,,,,,
36446,,,,,,,,
36555,,,,,,,,
36620,,,,,,,,
36723,,,,,,,,
36769,,,,,,,,
36821,,,,,,,,
36833,,,,,,,,
36939,,,,,,,,
36940,,,,,,,,
36945,,,,,,,,
36981,,,,,,,,
36984,,,,,,,,
37014,,,,,,,,
37026,,,,,,,,
37056,,,,,,,,
37079,,,,,,,,
37080,,,,,,,,
37172,,,,,,,,
37185,,,,,,,,
37284,,,,,,,,
37525,,,,,,,,
37571,,,,,,,,
37576,,,,,,,,
37606,,,,,,,,
37688,,,,,,,,
37767,,,,,,,,
37777,,,,,,,,
37786,,,,,,,,
37792,,,,,,,,
37810,,,,,,,,
37818,,,,,,,,
37863,,,,,,,,
37951,,,,,,,,
38007,,,,,,,,
38035,,,,,,,,
38073,,,,,,,,
38074,,,,,,,,
38199,,,,,,,,
38301,,,,,,,,
38307,,,,,,,,
38342,,,,,,,,
38349,,,,,,,,
38389,,,,,,,,
38534,,,,,,,,
38545,,,,,,,,
38548,,,,,,,,
38553,,,,,,,,
38568,,,,,,,,
38687,,,,,,,,
38696,,,,,,,,
38721,,,,,,,,
38724,,,,,,,,
38759,,,,,,,,
38805,,,,,,,,
38816,,,,,,,,
38845,,,,,,,,
38846,,,,,,,,
38902,,,,,,,,
38911,,,,,,,,
38920,,,,,,,,
38922,,,,,,,,
38964,,,,,,,,
39092,,,,,,,,
39127,,,,,,,,
39218,,,,,,,,
39219,,,,,,,,
39220,,,,,,,,
39259,,,,,,,,
39266,,,,,,,,
39271,,,,,,,,
39274,,,,,,,,
39344,,,,,,,,
39385,,,,,,,,
39472,,,,,,,,
39800,,,,,,,,
39821,,,,,,,,
39850,,,,,,,,
39871,,,,,,,,
39898,,,,,,,,
39908,,,,,,,,
39929,,,,,,,,
39938,,,,,,,,
39968,,,,,,,,
39985,,,,,,,,
39998,,,,,,,,
40009,,,,,,,,
40035,,,,,,,,
40049,,,,,,,,
40120,,,,,,,,
40144,,,,,,,,
40158,,,,,,,,
40165,,,,,,,,
40257,,,,,,,,
40258,,,,,,,,
40341,,,,,,,,
40378,,,,,,,,
40448,,,,,,,,
40464,,,,,,,,
40465,,,,,,,,
40466,,,,,,,,
40486,,,,,,,,
40635,,,,,,,,
40718,,,,,,,,
40947,,,,,,,,
40959,,,,,,,,
40969,,,,,,,,
41007,,,,,,,,
41015,,,,,,,,
41072,,,,,,,,
41235,,,,,,,,
41277,,,,,,,,
41280,,,,,,,,
41291,,,,,,,,
41300,,,,,,,,
41357,,,,,,,,
41364,,,,,,,,
41377,,,,,,,,
41383,,,,,,,,
41427,,,,,,,,
41434,,,,,,,,
41483,,,,,,,,
41543,,,,,,,,
41671,,,,,,,,
41673,,,,,,,,
41758,,,,,,,,
41769,,,,,,,,
41770,,,,,,,,
41772,,,,,,,,
41779,,,,,,,,
41833,,,,,,,,
41848,,,,,,,,
41934,,,,,,,,
41964,,,,,,,,
41976,,,,,,,,
42013,,,,,,,,
42021,,,,,,,,
42043,,,,,,,,
42058,,,,,,,,
42096,,,,,,,,
42173,,,,,,,,
42179,,,,,,,,
42189,,,,,,,,
42196,,,,,,,,
42234,,,,,,,,
42293,,,,,,,,
42306,,,,,,,,
42501,,,,,,,,
42539,,,,,,,,
42604,,,,,,,,
42606,,,,,,,,
42695,,,,,,,,
42731,,,,,,,,
42757,,,,,,,,
42785,,,,,,,,
42796,,,,,,,,
42802,,,,,,,,
42814,,,,,,,,
42818,,,,,,,,
42829,,,,,,,,
42852,,,,,,,,
42860,,,,,,,,
42863,,,,,,,,
42942,,,,,,,,
43052,,,,,,,,
43102,,,,,,,,
43122,,,,,,,,
43137,,,,,,,,
43148,,,,,,,,
43187,,,,,,,,
43200,,,,,,,,
43289,,,,,,,,
43328,,,,,,,,
43344,,,,,,,,
43377,,,,,,,,
43455,,,,,,,,
43527,,,,,,,,
43547,,,,,,,,
43651,,,,,,,,
43672,,,,,,,,
43681,,,,,,,,
43710,,,,,,,,
43714,,,,,,,,
43764,,,,,,,,
43765,,,,,,,,
43813,,,,,,,,
43865,,,,,,,,
43866,,,,,,,,
43923,,,,,,,,
43943,,,,,,,,
43984,,,,,,,,
43997,,,,,,,,
43998,,,,,,,,
44009,,,,,,,,
44048,,,,,,,,
44059,,,,,,,,
44124,,,,,,,,
44125,,,,,,,,
44158,,,,,,,,
44165,,,,,,,,
44200,,,,,,,,
44219,,,,,,,,
44259,,,,,,,,
44346,,,,,,,,
44363,,,,,,,,
44385,,,,,,,,
44404,,,,,,,,
44468,,,,,,,,
44526,,,,,,,,
44532,,,,,,,,
44539,,,,,,,,
44564,,,,,,,,
44566,,,,,,,,
44593,,,,,,,,
44616,,,,,,,,
44661,,,,,,,,
44682,,,,,,,,
44750,,,,,,,,
44850,,,,,,,,
44866,,,,,,,,
44916,,,,,,,,
44919,,,,,,,,
44924,,,,,,,,
44980,,,,,,,,
45013,,,,,,,,
45042,,,,,,,,
45061,,,,,,,,
45080,,,,,,,,
45109,,,,,,,,
45144,,,,,,,,
45185,,,,,,,,
45197,,,,,,,,
45210,,,,,,,,
45247,,,,,,,,
45332,,,,,,,,
45405,,,,,,,,
45429,,,,,,,,
45435,,,,,,,,
45470,,,,,,,,
45472,,,,,,,,
45523,,,,,,,,
45568,,,,,,,,
45573,,,,,,,,
45675,,,,,,,,
45695,,,,,,,,
45708,,,,,,,,
45722,,,,,,,,
45729,,,,,,,,
45760,,,,,,,,
45840,,,,,,,,
45879,,,,,,,,
45881,,,,,,,,
45921,,,,,,,,
45967,,,,,,,,
45987,,,,,,,,
45995,,,,,,,,
45996,,,,,,,,
46010,,,,,,,,
46111,,,,,,,,
46112,,,,,,,,
46124,,,,,,,,
46268,,,,,,,,
46335,,,,,,,,
46415,,,,,,,,
46424,,,,,,,,
46486,,,,,,,,
46612,,,,,,,,
46660,,,,,,,,
46665,,,,,,,,
46748,,,,,,,,
46809,,,,,,,,
46829,,,,,,,,
46869,,,,,,,,
46891,,,,,,,,
46920,,,,,,,,
46976,,,,,,,,
46982,,,,,,,,
46998,,,,,,,,
47016,,,,,,,,
47058,,,,,,,,
47072,,,,,,,,
47218,,,,,,,,
47284,,,,,,,,
47300,,,,,,,,
47325,,,,,,,,
47329,,,,,,,,
47497,,,,,,,,
47501,,,,,,,,
47518,,,,,,,,
47537,,,,,,,,
47547,,,,,,,,
47549,,,,,,,,
47581,,,,,,,,
47585,,,,,,,,
47604,,,,,,,,
47650,,,,,,,,
47674,,,,,,,,
47676,,,,,,,,
47682,,,,,,,,
47694,,,,,,,,
47698,,,,,,,,
47707,,,,,,,,
47735,,,,,,,,
47758,,,,,,,,
47874,,,,,,,,
47878,,,,,,,,
47886,,,,,,,,
48149,,,,,,,,
48185,,,,,,,,
48204,,,,,,,,
48231,,,,,,,,
48350,,,,,,,,
48369,,,,,,,,
48391,,,,,,,,
48393,,,,,,,,
48431,,,,,,,,
48496,,,,,,,,
48500,,,,,,,,
48610,,,,,,,,
48616,,,,,,,,
48645,,,,,,,,
48707,,,,,,,,
48739,,,,,,,,
48742,,,,,,,,
48752,,,,,,,,
48782,,,,,,,,
48805,,,,,,,,
48868,,,,,,,,
48959,,,,,,,,
49001,,,,,,,,
49004,,,,,,,,
49012,,,,,,,,
49022,,,,,,,,
49035,,,,,,,,
49040,,,,,,,,
49126,,,,,,,,
49199,,,,,,,,
49267,,,,,,,,
49292,,,,,,,,
49317,,,,,,,,
49384,,,,,,,,
49443,,,,,,,,
49472,,,,,,,,
49473,,,,,,,,
49580,,,,,,,,
49636,,,,,,,,
49672,,,,,,,,
49673,,,,,,,,
49677,,,,,,,,
49690,,,,,,,,
49712,,,,,,,,
49722,,,,,,,,
49782,,,,,,,,
49789,,,,,,,,
49835,,,,,,,,
49876,,,,,,,,
49907,,,,,,,,
49921,,,,,,,,
49983,,,,,,,,
49984,,,,,,,,
49998,,,,,,,,
50043,,,,,,,,
50059,,,,,,,,
50177,,,,,,,,
50271,,,,,,,,
50272,,,,,,,,
50288,,,,,,,,
50349,,,,,,,,
50376,,,,,,,,
50489,,,,,,,,
50505,,,,,,,,
50530,,,,,,,,
50578,,,,,,,,
50646,,,,,,,,
50669,,,,,,,,
50800,,,,,,,,
50812,,,,,,,,
50837,,,,,,,,
50859,,,,,,,,
51072,,,,,,,,
51082,,,,,,,,
51090,,,,,,,,
51165,,,,,,,,
51182,,,,,,,,
51241,,,,,,,,
51242,,,,,,,,
51248,,,,,,,,
51434,,,,,,,,
51490,,,,,,,,
51736,,,,,,,,
51857,,,,,,,,
51873,,,,,,,,
51882,,,,,,,,
51946,,,,,,,,
51984,,,,,,,,
51994,,,,,,,,
52038,,,,,,,,
52072,,,,,,,,
52109,,,,,,,,
52122,,,,,,,,
52124,,,,,,,,
52274,,,,,,,,
52314,,,,,,,,
52617,,,,,,,,
52667,,,,,,,,
52673,,,,,,,,
52772,,,,,,,,
52774,,,,,,,,
52799,,,,,,,,
52817,,,,,,,,
52842,,,,,,,,
52844,,,,,,,,
52849,,,,,,,,
52891,,,,,,,,
52903,,,,,,,,
52991,,,,,,,,
53048,,,,,,,,
53049,,,,,,,,
53061,,,,,,,,
53146,,,,,,,,
53161,,,,,,,,
53223,,,,,,,,
53238,,,,,,,,
53351,,,,,,,,
53465,,,,,,,,
53469,,,,,,,,
53494,,,,,,,,
53544,,,,,,,,
53620,,,,,,,,
53737,,,,,,,,
53741,,,,,,,,
53766,,,,,,,,
53840,,,,,,,,
53851,,,,,,,,
53872,,,,,,,,
53915,,,,,,,,
53916,,,,,,,,
53952,,,,,,,,
53961,,,,,,,,
54080,,,,,,,,
54162,,,,,,,,
54225,,,,,,,,
54339,,,,,,,,
54342,,,,,,,,
54407,,,,,,,,
54439,,,,,,,,
54489,,,,,,,,
54527,,,,,,,,
54549,,,,,,,,
54568,,,,,,,,
54612,,,,,,,,
54625,,,,,,,,
54840,,,,,,,,
54843,,,,,,,,
54851,,,,,,,,
54857,,,,,,,,
54872,,,,,,,,
54890,,,,,,,,
54934,,,,,,,,
54942,,,,,,,,
54955,,,,,,,,
54970,,,,,,,,
54971,,,,,,,,
55016,,,,,,,,
55028,,,,,,,,
55047,,,,,,,,
55063,,,,,,,,
55099,,,,,,,,
55116,,,,,,,,
55123,,,,,,,,
55141,,,,,,,,
55165,,,,,,,,
55292,,,,,,,,
55302,,,,,,,,
55344,,,,,,,,
55354,,,,,,,,
55362,,,,,,,,
55464,,,,,,,,
55492,,,,,,,,
55503,,,,,,,,
55520,,,,,,,,
55537,,,,,,,,
55561,,,,,,,,
55647,,,,,,,,
55721,,,,,,,,
55727,,,,,,,,
55769,,,,,,,,
55776,,,,,,,,
55861,,,,,,,,
55902,,,,,,,,
55912,,,,,,,,
55943,,,,,,,,
56024,,,,,,,,
56178,,,,,,,,
56232,,,,,,,,
56259,,,,,,,,
56372,,,,,,,,
56377,,,,,,,,
56384,,,,,,,,
56539,,,,,,,,
56542,,,,,,,,
56551,,,,,,,,
56578,,,,,,,,
56589,,,,,,,,
56625,,,,,,,,
56669,,,,,,,,
56706,,,,,,,,
56709,,,,,,,,
56742,,,,,,,,
56790,,,,,,,,
56842,,,,,,,,
56906,,,,,,,,
56928,,,,,,,,
56950,,,,,,,,
57018,,,,,,,,
57061,,,,,,,,
57114,,,,,,,,
57130,,,,,,,,
57157,,,,,,,,
57199,,,,,,,,
57204,,,,,,,,
57215,,,,,,,,
57351,,,,,,,,
57513,,,,,,,,
57627,,,,,,,,
57645,,,,,,,,
57739,,,,,,,,
57772,,,,,,,,
57784,,,,,,,,
57814,,,,,,,,
57816,,,,,,,,
57892,,,,,,,,
57919,,,,,,,,
58010,,,,,,,,
58013,,,,,,,,
58043,,,,,,,,
58049,,,,,,,,
58089,,,,,,,,
58129,,,,,,,,
58134,,,,,,,,
58160,,,,,,,,
58164,,,,,,,,
58284,,,,,,,,
58390,,,,,,,,
58414,,,,,,,,
58509,,,,,,,,
58550,,,,,,,,
58626,,,,,,,,
58648,,,,,,,,
58745,,,,,,,,
58763,,,,,,,,
58770,,,,,,,,
58792,,,,,,,,
58881,,,,,,,,
58887,,,,,,,,
58953,,,,,,,,
59002,,,,,,,,
59034,,,,,,,,
59053,,,,,,,,
59054,,,,,,,,
59058,,,,,,,,
59122,,,,,,,,
59159,,,,,,,,
59240,,,,,,,,
59267,,,,,,,,
59346,,,,,,,,
59353,,,,,,,,
59404,,,,,,,,
59405,,,,,,,,
59429,,,,,,,,
59490,,,,,,,,
59704,,,,,,,,
59744,,,,,,,,
59762,,,,,,,,
59857,,,,,,,,
59872,,,,,,,,
59897,,,,,,,,
59912,,,,,,,,
59930,,,,,,,,
59940,,,,,,,,
59944,,,,,,,,
59957,,,,,,,,
60013,,,,,,,,
60064,,,,,,,,
60082,,,,,,,,
60109,,,,,,,,
60139,,,,,,,,
60228,,,,,,,,
60279,,,,,,,,
60456,,,,,,,,
60489,,,,,,,,
60600,,,,,,,,
60620,,,,,,,,
60703,,,,,,,,
60732,,,,,,,,
60859,,,,,,,,
61046,,,,,,,,
61052,,,,,,,,
61064,,,,,,,,
61076,,,,,,,,
61109,,,,,,,,
61182,,,,,,,,
61224,,,,,,,,
61225,,,,,,,,
61304,,,,,,,,
61447,,,,,,,,
61534,,,,,,,,
61656,,,,,,,,
61825,,,,,,,,
61935,,,,,,,,
61979,,,,,,,,
62156,,,,,,,,
62321,,,,,,,,
62328,,,,,,,,
62364,,,,,,,,
62367,,,,,,,,
62383,,,,,,,,
62394,,,,,,,,
62405,,,,,,,,
62489,,,,,,,,
62564,,,,,,,,
62603,,,,,,,,
62653,,,,,,,,
62730,,,,,,,,
62741,,,,,,,,
62757,,,,,,,,
62787,,,,,,,,
62845,,,,,,,,
62881,,,,,,,,
62972,,,,,,,,
63011,,,,,,,,
63026,,,,,,,,
63230,,,,,,,,
63245,,,,,,,,
63286,,,,,,,,
63297,,,,,,,,
63303,,,,,,,,
63324,,,,,,,,
63331,,,,,,,,
63340,,,,,,,,
63345,,,,,,,,
63369,,,,,,,,
63380,,,,,,,,
63474,,,,,,,,
63481,,,,,,,,
63493,,,,,,,,
63587,,,,,,,,
63590,,,,,,,,
63634,,,,,,,,
63642,,,,,,,,
63670,,,,,,,,
63673,,,,,,,,
63760,,,,,,,,
63787,,,,,,,,
63811,,,,,,,,
63821,,,,,,,,
63876,,,,,,,,
63907,,,,,,,,
63963,,,,,,,,
63980,,,,,,,,
64084,,,,,,,,
64100,,,,,,,,
64115,,,,,,,,
64223,,,,,,,,
64273,,,,,,,,
64293,,,,,,,,
64316,,,,,,,,
64458,,,,,,,,
64462,,,,,,,,
64511,,,,,,,,
64530,,,,,,,,
64586,,,,,,,,
64639,,,,,,,,
64664,,,,,,,,
64736,,,,,,,,
64767,,,,,,,,
64858,,,,,,,,
64880,,,,,,,,
64991,,,,,,,,
65046,,,,,,,,
65099,,,,,,,,
65130,,,,,,,,
65164,,,,,,,,
65262,,,,,,,,
65266,,,,,,,,
65323,,,,,,,,
65332,,,,,,,,
65470,,,,,,,,
65501,,,,,,,,
65505,,,,,,,,
65550,,,,,,,,
65603,,,,,,,,
65716,,,,,,,,
65896,,,,,,,,
65956,,,,,,,,
65957,,,,,,,,
65996,,,,,,,,
66006,,,,,,,,
66013,,,,,,,,
66190,,,,,,,,
66265,,,,,,,,
66268,,,,,,,,
66292,,,,,,,,
66344,,,,,,,,
66368,,,,,,,,
66376,,,,,,,,
66388,,,,,,,,
66402,,,,,,,,
66505,,,,,,,,
66709,,,,,,,,
66730,,,,,,,,
66778,,,,,,,,
66852,,,,,,,,
66862,,,,,,,,
66882,,,,,,,,
66886,,,,,,,,
66916,,,,,,,,
66988,,,,,,,,
66996,,,,,,,,
67021,,,,,,,,
67089,,,,,,,,
67128,,,,,,,,
67143,,,,,,,,
67149,,,,,,,,
67162,,,,,,,,
67163,,,,,,,,
67172,,,,,,,,
67303,,,,,,,,
67327,,,,,,,,
67368,,,,,,,,
67384,,,,,,,,
67395,,,,,,,,
67396,,,,,,,,
67447,,,,,,,,
67524,,,,,,,,
67586,,,,,,,,
67588,,,,,,,,
67619,,,,,,,,
67660,,,,,,,,
67699,,,,,,,,
67730,,,,,,,,
67744,,,,,,,,
67789,,,,,,,,
67794,,,,,,,,
67890,,,,,,,,
67919,,,,,,,,
67962,,,,,,,,
68028,,,,,,,,
68044,,,,,,,,
68192,,,,,,,,
68214,,,,,,,,
68274,,,,,,,,
68360,,,,,,,,
68390,,,,,,,,
68408,,,,,,,,
68442,,,,,,,,
68478,,,,,,,,
68490,,,,,,,,
68493,,,,,,,,
68500,,,,,,,,
68545,,,,,,,,
68559,,,,,,,,
68572,,,,,,,,
68590,,,,,,,,
68612,,,,,,,,
68702,,,,,,,,
68720,,,,,,,,
68863,,,,,,,,
68917,,,,,,,,
68935,,,,,,,,
68967,,,,,,,,
68977,,,,,,,,
68995,,,,,,,,
69012,,,,,,,,
69056,,,,,,,,
69071,,,,,,,,
69097,,,,,,,,
69157,,,,,,,,
69158,,,,,,,,
69165,,,,,,,,
69272,,,,,,,,
69346,,,,,,,,
69403,,,,,,,,
69443,,,,,,,,
69484,,,,,,,,
69513,,,,,,,,
69516,,,,,,,,
69536,,,,,,,,
69569,,,,,,,,
69652,,,,,,,,
69656,,,,,,,,
69663,,,,,,,,
69746,,,,,,,,
69861,,,,,,,,
69892,,,,,,,,
69896,,,,,,,,
69899,,,,,,,,
69928,,,,,,,,
69938,,,,,,,,
70135,,,,,,,,
70137,,,,,,,,
70302,,,,,,,,
70497,,,,,,,,
70553,,,,,,,,
70578,,,,,,,,
70584,,,,,,,,
70585,,,,,,,,
70635,,,,,,,,
70780,,,,,,,,
70810,,,,,,,,
70816,,,,,,,,
70843,,,,,,,,
70867,,,,,,,,
70928,,,,,,,,
71002,,,,,,,,
71037,,,,,,,,
71058,,,,,,,,
71097,,,,,,,,
71105,,,,,,,,
71110,,,,,,,,
71114,,,,,,,,
71139,,,,,,,,
71157,,,,,,,,
71202,,,,,,,,
71376,,,,,,,,
71435,,,,,,,,
71480,,,,,,,,
71506,,,,,,,,
71552,,,,,,,,
71618,,,,,,,,
71622,,,,,,,,
71677,,,,,,,,
71880,,,,,,,,
71944,,,,,,,,
71995,,,,,,,,
72121,,,,,,,,
72152,,,,,,,,
72202,,,,,,,,
72213,,,,,,,,
72358,,,,,,,,
72365,,,,,,,,
72525,,,,,,,,
72549,,,,,,,,
72639,,,,,,,,
72702,,,,,,,,
72715,,,,,,,,
72784,,,,,,,,
72835,,,,,,,,
72849,,,,,,,,
72892,,,,,,,,
72959,,,,,,,,
72979,,,,,,,,
72993,,,,,,,,
73098,,,,,,,,
73215,,,,,,,,
73259,,,,,,,,
73290,,,,,,,,
73448,,,,,,,,
73482,,,,,,,,
73498,,,,,,,,
73517,,,,,,,,
73546,,,,,,,,
73620,,,,,,,,
73629,,,,,,,,
73743,,,,,,,,
73749,,,,,,,,
73751,,,,,,,,
73952,,,,,,,,
74010,,,,,,,,
74116,,,,,,,,
74175,,,,,,,,
74218,,,,,,,,
74275,,,,,,,,
74306,,,,,,,,
74325,,,,,,,,
74370,,,,,,,,
74416,,,,,,,,
74481,,,,,,,,
74505,,,,,,,,
74522,,,,,,,,
74570,,,,,,,,
74572,,,,,,,,
74711,,,,,,,,
74738,,,,,,,,
74741,,,,,,,,
74749,,,,,,,,
74751,,,,,,,,
74753,,,,,,,,
74759,,,,,,,,
74921,,,,,,,,
75179,,,,,,,,
75256,,,,,,,,
75317,,,,,,,,
75393,,,,,,,,
75432,,,,,,,,
75503,,,,,,,,
75562,,,,,,,,
75688,,,,,,,,
75802,,,,,,,,
75806,,,,,,,,
75832,,,,,,,,
75946,,,,,,,,
75970,,,,,,,,
75986,,,,,,,,
76013,,,,,,,,
76038,,,,,,,,
76043,,,,,,,,
76045,,,,,,,,
76101,,,,,,,,
76119,,,,,,,,
76254,,,,,,,,
76277,,,,,,,,
76350,,,,,,,,
76359,,,,,,,,
76434,,,,,,,,
76435,,,,,,,,
76436,,,,,,,,
76544,,,,,,,,
76696,,,,,,,,
76788,,,,,,,,
76871,,,,,,,,
76875,,,,,,,,
76972,,,,,,,,
77047,,,,,,,,
77064,,,,,,,,
77283,,,,,,,,
77333,,,,,,,,
77429,,,,,,,,
77434,,,,,,,,
77461,,,,,,,,
77468,,,,,,,,
77469,,,,,,,,
77621,,,,,,,,
77663,,,,,,,,
77759,,,,,,,,
77770,,,,,,,,
77778,,,,,,,,
77877,,,,,,,,
77960,,,,,,,,
78093,,,,,,,,
78094,,,,,,,,
78167,,,,,,,,
78182,,,,,,,,
78253,,,,,,,,
78282,,,,,,,,
78286,,,,,,,,
78364,,,,,,,,
78399,,,,,,,,
78517,,,,,,,,
78622,,,,,,,,
78728,,,,,,,,
78812,,,,,,,,
78830,,,,,,,,
78858,,,,,,,,
78958,,,,,,,,
78962,,,,,,,,
79118,,,,,,,,
79519,,,,,,,,
79521,,,,,,,,
79522,,,,,,,,
79665,,,,,,,,
79679,,,,,,,,
79688,,,,,,,,
79736,,,,,,,,
79816,,,,,,,,
79873,,,,,,,,
79875,,,,,,,,
79893,,,,,,,,
79953,,,,,,,,
79997,,,,,,,,
80070,,,,,,,,
80171,,,,,,,,
80195,,,,,,,,
80285,,,,,,,,
80333,,,,,,,,
80342,,,,,,,,
80362,,,,,,,,
80364,,,,,,,,
80400,,,,,,,,
80435,,,,,,,,
80472,,,,,,,,
80476,,,,,,,,
80542,,,,,,,,
80559,,,,,,,,
80624,,,,,,,,
80650,,,,,,,,
80670,,,,,,,,
80680,,,,,,,,
80784,,,,,,,,
80827,,,,,,,,
80837,,,,,,,,
80893,,,,,,,,
81010,,,,,,,,
81065,,,,,,,,
81066,,,,,,,,
81082,,,,,,,,
81242,,,,,,,,
81318,,,,,,,,
81346,,,,,,,,
81400,,,,,,,,
81456,,,,,,,,
81464,,,,,,,,
81469,,,,,,,,
81472,,,,,,,,
81478,,,,,,,,
81482,,,,,,,,
81486,,,,,,,,
81524,,,,,,,,
81534,,,,,,,,
81558,,,,,,,,
81589,,,,,,,,
81600,,,,,,,,
81626,,,,,,,,
81652,,,,,,,,
81667,,,,,,,,
81675,,,,,,,,
81830,,,,,,,,
82324,,,,,,,,
82394,,,,,,,,
82474,,,,,,,,
82477,,,,,,,,
82487,,,,,,,,
82492,,,,,,,,
82505,,,,,,,,
82510,,,,,,,,
82523,,,,,,,,
82532,,,,,,,,
82576,,,,,,,,
82604,,,,,,,,
82618,,,,,,,,
82619,,,,,,,,
82622,,,,,,,,
82639,,,,,,,,
82723,,,,,,,,
82742,,,,,,,,
82749,,,,,,,,
82861,,,,,,,,
82932,,,,,,,,
82935,,,,,,,,
82999,,,,,,,,
83036,,,,,,,,
83121,,,,,,,,
83183,,,,,,,,
83189,,,,,,,,
83224,,,,,,,,
83299,,,,,,,,
83329,,,,,,,,
83330,,,,,,,,
83446,,,,,,,,
83500,,,,,,,,
83519,,,,,,,,
83666,,,,,,,,
83715,,,,,,,,
83726,,,,,,,,
83727,,,,,,,,
83860,,,,,,,,
83868,,,,,,,,
83928,,,,,,,,
83994,,,,,,,,
84035,,,,,,,,
84080,,,,,,,,
84108,,,,,,,,
84116,,,,,,,,
84145,,,,,,,,
84183,,,,,,,,
84200,,,,,,,,
84250,,,,,,,,
84297,,,,,,,,
84300,,,,,,,,
84305,,,,,,,,
84330,,,,,,,,
84336,,,,,,,,
84337,,,,,,,,
84372,,,,,,,,
84473,,,,,,,,
84577,,,,,,,,
84683,,,,,,,,
84796,,,,,,,,
84805,,,,,,,,
84844,,,,,,,,
84847,,,,,,,,
84852,,,,,,,,
84875,,,,,,,,
84903,,,,,,,,
84942,,,,,,,,
85068,,,,,,,,
85165,,,,,,,,
85181,,,,,,,,
85207,,,,,,,,
85255,,,,,,,,
85327,,,,,,,,
85349,,,,,,,,
85393,,,,,,,,
85405,,,,,,,,
85438,,,,,,,,
85463,,,,,,,,
85511,,,,,,,,
85589,,,,,,,,
85673,,,,,,,,
85676,,,,,,,,
85682,,,,,,,,
85699,,,,,,,,
85768,,,,,,,,
85797,,,,,,,,
85799,,,,,,,,
85872,,,,,,,,
85993,,,,,,,,
86000,,,,,,,,
86003,,,,,,,,
86075,,,,,,,,
86200,,,,,,,,
86209,,,,,,,,
86232,,,,,,,,
86293,,,,,,,,
86477,,,,,,,,
86492,,,,,,,,
86541,,,,,,,,
86571,,,,,,,,
86647,,,,,,,,
86681,,,,,,,,
86688,,,,,,,,
86847,,,,,,,,
87036,,,,,,,,
87081,,,,,,,,
87229,,,,,,,,
87295,,,,,,,,
87337,,,,,,,,
87369,,,,,,,,
87452,,,,,,,,
87468,,,,,,,,
87514,,,,,,,,
87584,,,,,,,,
87588,,,,,,,,
88159,,,,,,,,
88224,,,,,,,,
88280,,,,,,,,
88374,,,,,,,,
88535,,,,,,,,
88651,,,,,,,,
88737,,,,,,,,
89115,,,,,,,,
89325,,,,,,,,
89333,,,,,,,,
89345,,,,,,,,
89440,,,,,,,,
89535,,,,,,,,
89691,,,,,,,,
89773,,,,,,,,
90044,,,,,,,,
90077,,,,,,,,
90100,,,,,,,,
90121,,,,,,,,
90228,,,,,,,,
90391,,,,,,,,
90414,,,,,,,,
90567,,,,,,,,
90602,,,,,,,,
90679,,,,,,,,
90728,,,,,,,,
91128,,,,,,,,
91172,,,,,,,,
91265,,,,,,,,
91266,,,,,,,,
91396,,,,,,,,
91481,,,,,,,,
91487,,,,,,,,
91520,,,,,,,,
91586,,,,,,,,
91607,,,,,,,,
91623,,,,,,,,
91722,,,,,,,,
91745,,,,,,,,
91760,,,,,,,,
91815,,,,,,,,
91890,,,,,,,,
92074,,,,,,,,
92180,,,,,,,,
92238,,,,,,,,
92291,,,,,,,,
92377,,,,,,,,
92398,,,,,,,,
92563,,,,,,,,
92750,,,,,,,,
92988,,,,,,,,
93077,,,,,,,,
93091,,,,,,,,
93140,,,,,,,,
93230,,,,,,,,
93265,,,,,,,,
93532,,,,,,,,
93576,,,,,,,,
93676,,,,,,,,
93685,,,,,,,,
93690,,,,,,,,
93851,,,,,,,,
93855,,,,,,,,
93856,,,,,,,,
93888,,,,,,,,
93939,,,,,,,,
94005,,,,,,,,
94016,,,,,,,,
94070,,,,,,,,
94108,,,,,,,,
94340,,,,,,,,
94372,,,,,,,,
94615,,,,,,,,
94652,,,,,,,,
94666,,,,,,,,
94853,,,,,,,,
95012,,,,,,,,
95077,,,,,,,,
95140,,,,,,,,
95164,,,,,,,,
95242,,,,,,,,
95435,,,,,,,,
95560,,,,,,,,
95613,,,,,,,,
95667,,,,,,,,
95722,,,,,,,,
95910,,,,,,,,
95980,,,,,,,,
96049,,,,,,,,
96107,,,,,,,,
96161,,,,,,,,
96172,,,,,,,,
96246,,,,,,,,
96468,,,,,,,,
96574,,,,,,,,
96648,,,,,,,,
96688,,,,,,,,
96709,,,,,,,,
96868,,,,,,,,
96920,,,,,,,,
97252,,,,,,,,
97341,,,,,,,,
97449,,,,,,,,
97690,,,,,,,,
97697,,,,,,,,
97754,,,,,,,,
97844,,,,,,,,
97846,,,,,,,,
97974,,,,,,,,
98081,,,,,,,,
98222,,,,,,,,
98302,,,,,,,,
98507,,,,,,,,
98532,,,,,,,,
98648,,,,,,,,
99092,,,,,,,,
99119,,,,,,,,
99329,,,,,,,,
99330,,,,,,,,
99657,,,,,,,,
99789,,,,,,,,
99877,,,,,,,,
99946,,,,,,,,
99977,,,,,,,,
100024,,,,,,,,
100054,,,,,,,,
100122,,,,,,,,
100189,,,,,,,,
100219,,,,,,,,
100243,,,,,,,,
100355,,,,,,,,
100409,,,,,,,,
100541,,,,,,,,
100830,,,,,,,,
100834,,,,,,,,
100898,,,,,,,,
100986,,,,,,,,
101013,,,,,,,,
101242,,,,,,,,
101281,,,,,,,,
101323,,,,,,,,
101358,,,,,,,,
101376,,,,,,,,
101420,,,,,,,,
101482,,,,,,,,
101643,,,,,,,,
101708,,,,,,,,
101724,,,,,,,,
101736,,,,,,,,
101783,,,,,,,,
101820,,,,,,,,
101886,,,,,,,,
101889,,,,,,,,
101987,,,,,,,,
102024,,,,,,,,
102051,,,,,,,,
102249,,,,,,,,
102353,,,,,,,,
102391,,,,,,,,
102503,,,,,,,,
102516,,,,,,,,
102534,,,,,,,,
102622,,,,,,,,
102630,,,,,,,,
102732,,,,,,,,
102831,,,,,,,,
103133,,,,,,,,
103215,,,,,,,,
103307,,,,,,,,
103443,,,,,,,,
103602,,,,,,,,
103608,,,,,,,,
103631,,,,,,,,
103667,,,,,,,,
103749,,,,,,,,
103758,,,,,,,,
103980,,,,,,,,
104108,,,,,,,,
104154,,,,,,,,
104161,,,,,,,,
104196,,,,,,,,
104226,,,,,,,,
104242,,,,,,,,
104465,,,,,,,,
104528,,,,,,,,
104536,,,,,,,,
104549,,,,,,,,
104634,,,,,,,,
104827,,,,,,,,
104966,,,,,,,,
105045,,,,,,,,
105079,,,,,,,,
105085,,,,,,,,
105119,,,,,,,,
105254,,,,,,,,
105348,,,,,,,,
105526,,,,,,,,
105545,,,,,,,,
105703,,,,,,,,
105715,,,,,,,,
105737,,,,,,,,
105829,,,,,,,,
105842,,,,,,,,
106098,,,,,,,,
106100,,,,,,,,
106234,,,,,,,,
106341,,,,,,,,
106406,,,,,,,,
106414,,,,,,,,
106538,,,,,,,,
106614,,,,,,,,
106717,,,,,,,,
106729,,,,,,,,
106915,,,,,,,,
106942,,,,,,,,
107054,,,,,,,,
107068,,,,,,,,
107131,,,,,,,,
107174,,,,,,,,
107231,,,,,,,,
107235,,,,,,,,
107311,,,,,,,,
107315,,,,,,,,
107335,,,,,,,,
107342,,,,,,,,
107413,,,,,,,,
107569,,,,,,,,
107593,,,,,,,,
107623,,,,,,,,
107636,,,,,,,,
107661,,,,,,,,
107662,,,,,,,,
107781,,,,,,,,
107793,,,,,,,,
107846,,,,,,,,
108110,,,,,,,,
108259,,,,,,,,
108319,,,,,,,,
108364,,,,,,,,
108406,,,,,,,,
108424,,,,,,,,
108450,,,,,,,,
108458,,,,,,,,
108465,,,,,,,,
108647,,,,,,,,
108665,,,,,,,,
108726,,,,,,,,
108877,,,,,,,,
108883,,,,,,,,
109029,,,,,,,,
109097,,,,,,,,
109102,,,,,,,,
109259,,,,,,,,
109291,,,,,,,,
109298,,,,,,,,
109300,,,,,,,,
109301,,,,,,,,
109314,,,,,,,,
109316,,,,,,,,
109325,,,,,,,,
109329,,,,,,,,
109340,,,,,,,,
109346,,,,,,,,
109481,,,,,,,,
109890,,,,,,,,
109898,,,,,,,,
109907,,,,,,,,
110131,,,,,,,,
110165,,,,,,,,
110390,,,,,,,,
110404,,,,,,,,
110412,,,,,,,,
110650,,,,,,,,
110851,,,,,,,,
110916,,,,,,,,
110948,,,,,,,,
111149,,,,,,,,
111170,,,,,,,,
111304,,,,,,,,
111307,,,,,,,,
111332,,,,,,,,
111409,,,,,,,,
111417,,,,,,,,
111794,,,,,,,,
111973,,,,,,,,
111992,,,,,,,,
112072,,,,,,,,
112078,,,,,,,,
112134,,,,,,,,
112287,,,,,,,,
112309,,,,,,,,
112322,,,,,,,,
112437,,,,,,,,
112699,,,,,,,,
112739,,,,,,,,
112903,,,,,,,,
112951,,,,,,,,
112967,,,,,,,,
113190,,,,,,,,
113302,,,,,,,,
113315,,,,,,,,
113407,,,,,,,,
113432,,,,,,,,
113440,,,,,,,,
113529,,,,,,,,
113655,,,,,,,,
113801,,,,,,,,
114092,,,,,,,,
114130,,,,,,,,
114251,,,,,,,,
114281,,,,,,,,
114333,,,,,,,,
114407,,,,,,,,
114413,,,,,,,,
114427,,,,,,,,
114499,,,,,,,,
114618,,,,,,,,
114640,,,,,,,,
114685,,,,,,,,
114735,,,,,,,,
114740,,,,,,,,
114872,,,,,,,,
115018,,,,,,,,
115036,,,,,,,,
115316,,,,,,,,
115448,,,,,,,,
115485,,,,,,,,
115553,,,,,,,,
115755,,,,,,,,
115893,,,,,,,,
115903,,,,,,,,
115963,,,,,,,,
116014,,,,,,,,
116231,,,,,,,,
116437,,,,,,,,
116500,,,,,,,,
116544,,,,,,,,
116570,,,,,,,,
116639,,,,,,,,
116641,,,,,,,,
116647,,,,,,,,
116696,,,,,,,,
116698,,,,,,,,
116800,,,,,,,,
116983,,,,,,,,
117082,,,,,,,,
117222,,,,,,,,
117259,,,,,,,,
117343,,,,,,,,
117464,,,,,,,,
117629,,,,,,,,
117825,,,,,,,,
118115,,,,,,,,
118197,,,,,,,,
118283,,,,,,,,
118289,,,,,,,,
118324,,,,,,,,
118397,,,,,,,,
118402,,,,,,,,
118557,,,,,,,,
118631,,,,,,,,
118640,,,,,,,,
118915,,,,,,,,
119200,,,,,,,,
119290,,,,,,,,
119292,,,,,,,,
119308,,,,,,,,
119372,,,,,,,,
119430,,,,,,,,
119573,,,,,,,,
119675,,,,,,,,
119830,,,,,,,,
120128,,,,,,,,
120250,,,,,,,,
120457,,,,,,,,
120775,,,,,,,,
120785,,,,,,,,
120892,,,,,,,,
121003,,,,,,,,
121071,,,,,,,,
121091,,,,,,,,
121147,,,,,,,,
121175,,,,,,,,
121248,,,,,,,,
121464,,,,,,,,
121477,,,,,,,,
121560,,,,,,,,
121620,,,,,,,,
121777,,,,,,,,
121793,,,,,,,,
121827,,,,,,,,
121881,,,,,,,,
121888,,,,,,,,
121895,,,,,,,,
121936,,,,,,,,
121971,,,,,,,,
122023,,,,,,,,
122044,,,,,,,,
122047,,,,,,,,
122325,,,,,,,,
122331,,,,,,,,
122544,,,,,,,,
123092,,,,,,,,
123103,,,,,,,,
123109,,,,,,,,
123440,,,,,,,,
123561,,,,,,,,
123627,,,,,,,,
123690,,,,,,,,
123728,,,,,,,,
123919,,,,,,,,
124066,,,,,,,,
124072,,,,,,,,
124085,,,,,,,,
124093,,,,,,,,
124202,,,,,,,,
124260,,,,,,,,
124470,,,,,,,,
124524,,,,,,,,
124529,,,,,,,,
124668,,,,,,,,
124676,,,,,,,,
124680,,,,,,,,
124762,,,,,,,,
124819,,,,,,,,
124994,,,,,,,,
125141,,,,,,,,
125227,,,,,,,,
125451,,,,,,,,
125495,,,,,,,,
125509,,,,,,,,
125578,,,,,,,,
125654,,,,,,,,
125705,,,,,,,,
125765,,,,,,,,
126043,,,,,,,,
126172,,,,,,,,
126186,,,,,,,,
126243,,,,,,,,
126277,,,,,,,,
126433,,,,,,,,
126442,,,,,,,,
126509,,,,,,,,
126545,,,,,,,,
126856,,,,,,,,
126881,,,,,,,,
126962,,,,,,,,
127146,,,,,,,,
127224,,,,,,,,
127236,,,,,,,,
127488,,,,,,,,
127519,,,,,,,,
127594,,,,,,,,
127847,,,,,,,,
128165,,,,,,,,
128188,,,,,,,,
128280,,,,,,,,
128311,,,,,,,,
128571,,,,,,,,
128748,,,,,,,,
128789,,,,,,,,
128899,,,,,,,,
129099,,,,,,,,
129403,,,,,,,,
129507,,,,,,,,
129531,,,,,,,,
129689,,,,,,,,
130055,,,,,,,,
130091,,,,,,,,
130095,,,,,,,,
130191,,,,,,,,
130867,,,,,,,,
130917,,,,,,,,
131232,,,,,,,,
131313,,,,,,,,
131671,,,,,,,,
131892,,,,,,,,
131907,,,,,,,,
131913,,,,,,,,
131926,,,,,,,,
132099,,,,,,,,
132518,,,,,,,,
132597,,,,,,,,
132833,,,,,,,,
133174,,,,,,,,
133234,,,,,,,,
133369,,,,,,,,
133446,,,,,,,,
133566,,,,,,,,
133684,,,,,,,,
133698,,,,,,,,
134048,,,,,,,,
134193,,,,,,,,
134394,,,,,,,,
134458,,,,,,,,
134584,,,,,,,,
134688,,,,,,,,
134774,,,,,,,,
134890,,,,,,,,
134978,,,,,,,,
135097,,,,,,,,
135223,,,,,,,,
135260,,,,,,,,
135928,,,,,,,,
135943,,,,,,,,
135973,,,,,,,,
136006,,,,,,,,
136130,,,,,,,,
136238,,,,,,,,
136368,,,,,,,,
136676,,,,,,,,
136801,,,,,,,,
136881,,,,,,,,
136884,,,,,,,,
136928,,,,,,,,
137145,,,,,,,,
137193,,,,,,,,
137312,,,,,,,,
137437,,,,,,,,
137578,,,,,,,,
138014,,,,,,,,
138223,,,,,,,,
138242,,,,,,,,
138302,,,,,,,,
138341,,,,,,,,
138357,,,,,,,,
138517,,,,,,,,
138579,,,,,,,,
138906,,,,,,,,
138907,,,,,,,,
138956,,,,,,,,
139176,,,,,,,,
139367,,,,,,,,
139421,,,,,,,,
139651,,,,,,,,
139718,,,,,,,,
139743,,,,,,,,
139776,,,,,,,,
139808,,,,,,,,
139854,,,,,,,,
139874,,,,,,,,
140172,,,,,,,,
140299,,,,,,,,
140325,,,,,,,,
140429,,,,,,,,
140470,,,,,,,,
140510,,,,,,,,
140511,,,,,,,,
140561,,,,,,,,
140642,,,,,,,,
140770,,,,,,,,
140814,,,,,,,,
141011,,,,,,,,
141138,,,,,,,,
141229,,,,,,,,
141241,,,,,,,,
141301,,,,,,,,
141810,,,,,,,,
141884,,,,,,,,
141971,,,,,,,,
142087,,,,,,,,
142093,,,,,,,,
142140,,,,,,,,
142141,,,,,,,,
142208,,,,,,,,
142414,,,,,,,,
142499,,,,,,,,
142927,,,,,,,,
143139,,,,,,,,
143146,,,,,,,,
143156,,,,,,,,
143170,,,,,,,,
143292,,,,,,,,
143308,,,,,,,,
143315,,,,,,,,
143508,,,,,,,,
144109,,,,,,,,
144204,,,,,,,,
144211,,,,,,,,
144229,,,,,,,,
144441,,,,,,,,
144443,,,,,,,,
144597,,,,,,,,
144910,,,,,,,,
144973,,,,,,,,
145013,,,,,,,,
145281,,,,,,,,
145451,,,,,,,,
145830,,,,,,,,
145923,,,,,,,,
146062,,,,,,,,
146307,,,,,,,,
146315,,,,,,,,
146530,,,,,,,,
147049,,,,,,,,
147269,,,,,,,,
147552,,,,,,,,
147870,,,,,,,,
148033,,,,,,,,
148278,,,,,,,,
148326,,,,,,,,
148607,,,,,,,,
148644,,,,,,,,
148652,,,,,,,,
148766,,,,,,,,
149146,,,,,,,,
149347,,,,,,,,
149561,,,,,,,,
149684,,,,,,,,
149868,,,,,,,,
150473,,,,,,,,
151036,,,,,,,,
151150,,,,,,,,
151190,,,,,,,,
151831,,,,,,,,
152100,,,,,,,,
152408,,,,,,,,
152437,,,,,,,,
152584,,,,,,,,
152745,,,,,,,,
152750,,,,,,,,
153188,,,,,,,,
153226,,,,,,,,
153436,,,,,,,,
153502,,,,,,,,
153695,,,,,,,,
153709,,,,,,,,
153781,,,,,,,,
154270,,,,,,,,
154299,,,,,,,,
154342,,,,,,,,
154489,,,,,,,,
154666,,,,,,,,
154821,,,,,,,,
155208,,,,,,,,
155233,,,,,,,,
155393,,,,,,,,
155577,,,,,,,,
155676,,,,,,,,
156068,,,,,,,,
156268,,,,,,,,
156316,,,,,,,,
156415,,,,,,,,
156456,,,,,,,,
156510,,,,,,,,
156708,,,,,,,,
156711,,,,,,,,
157239,,,,,,,,
157343,,,,,,,,
157433,,,,,,,,
157579,,,,,,,,
157849,,,,,,,,
158572,,,,,,,,
158914,,,,,,,,
158946,,,,,,,,
159465,,,,,,,,
159535,,,,,,,,
159569,,,,,,,,
159622,,,,,,,,
159763,,,,,,,,
159845,,,,,,,,
159905,,,,,,,,
160255,,,,,,,,
160265,,,,,,,,
160354,,,,,,,,
160652,,,,,,,,
160660,,,,,,,,
160832,,,,,,,,
161179,,,,,,,,
161243,,,,,,,,
161336,,,,,,,,
161371,,,,,,,,
161447,,,,,,,,
161449,,,,,,,,
161482,,,,,,,,
161611,,,,,,,,
161741,,,,,,,,
161795,,,,,,,,
161810,,,,,,,,
161841,,,,,,,,
161908,,,,,,,,
162020,,,,,,,,
162336,,,,,,,,
162383,,,,,,,,
162437,,,,,,,,
162807,,,,,,,,
163018,,,,,,,,
163364,,,,,,,,
163366,,,,,,,,
163710,,,,,,,,
163971,,,,,,,,
164023,,,,,,,,
164130,,,,,,,,
164366,,,,,,,,
164433,,,,,,,,
164604,,,,,,,,
164975,,,,,,,,
164976,,,,,,,,
165547,,,,,,,,
165586,,,,,,,,
165598,,,,,,,,
165619,,,,,,,,
165747,,,,,,,,
165911,,,,,,,,
165915,,,,,,,,
166085,,,,,,,,
166148,,,,,,,,
166643,,,,,,,,
166700,,,,,,,,
166813,,,,,,,,
166975,,,,,,,,
167032,,,,,,,,
167092,,,,,,,,
167177,,,,,,,,
167424,,,,,,,,
167616,,,,,,,,
167830,,,,,,,,
167935,,,,,,,,
167951,,,,,,,,
168022,,,,,,,,
168450,,,,,,,,
168901,,,,,,,,
169091,,,,,,,,
169104,,,,,,,,
169367,,,,,,,,
169655,,,,,,,,
169683,,,,,,,,
169817,,,,,,,,
169883,,,,,,,,
169977,,,,,,,,
170113,,,,,,,,
170234,,,,,,,,
170808,,,,,,,,
171129,,,,,,,,
171179,,,,,,,,
171203,,,,,,,,
171277,,,,,,,,
171721,,,,,,,,
171776,,,,,,,,
172293,,,,,,,,
172409,,,,,,,,
172415,,,,,,,,
172538,,,,,,,,
172752,,,,,,,,
172788,,,,,,,,
172790,,,,,,,,
172792,,,,,,,,
172806,,,,,,,,
172987,,,,,,,,
173027,,,,,,,,
173129,,,,,,,,
173137,,,,,,,,
173294,,,,,,,,
173331,,,,,,,,
173595,,,,,,,,
173842,,,,,,,,
174150,,,,,,,,
174343,,,,,,,,
174442,,,,,,,,
174650,,,,,,,,
174709,,,,,,,,
174792,,,,,,,,
174925,,,,,,,,
175126,,,,,,,,
175149,,,,,,,,
175339,,,,,,,,
175348,,,,,,,,
175457,,,,,,,,
175869,,,,,,,,
175956,,,,,,,,
176069,,,,,,,,
176077,,,,,,,,
176107,,,,,,,,
176570,,,,,,,,
176656,,,,,,,,
177077,,,,,,,,
177559,,,,,,,,
177965,,,,,,,,
178154,,,,,,,,
178172,,,,,,,,
178314,,,,,,,,
178717,,,,,,,,
178870,,,,,,,,
178917,,,,,,,,
178939,,,,,,,,
179038,,,,,,,,
179045,,,,,,,,
179159,,,,,,,,
179631,,,,,,,,
180093,,,,,,,,
180140,,,,,,,,
180853,,,,,,,,
181312,,,,,,,,
181735,,,,,,,,
181751,,,,,,,,
181906,,,,,,,,
181929,,,,,,,,
182012,,,,,,,,
182030,,,,,,,,
182127,,,,,,,,
182327,,,,,,,,
182484,,,,,,,,
183392,,,,,,,,
183756,,,,,,,,
183886,,,,,,,,
183946,,,,,,,,
184020,,,,,,,,
184073,,,,,,,,
184702,,,,,,,,
184716,,,,,,,,
184797,,,,,,,,
184819,,,,,,,,
184835,,,,,,,,
184877,,,,,,,,
184992,,,,,,,,
185292,,,,,,,,
185392,,,,,,,,
185510,,,,,,,,
185918,,,,,,,,
186292,,,,,,,,
186394,,,,,,,,
186411,,,,,,,,
186622,,,,,,,,
186868,,,,,,,,
186877,,,,,,,,
186896,,,,,,,,
186944,,,,,,,,
186991,,,,,,,,
186992,,,,,,,,
187020,,,,,,,,
187028,,,,,,,,
187392,,,,,,,,
187537,,,,,,,,
187695,,,,,,,,
187787,,,,,,,,
187793,,,,,,,,
188001,,,,,,,,
188348,,,,,,,,
188468,,,,,,,,
188658,,,,,,,,
188859,,,,,,,,
189012,,,,,,,,
189282,,,,,,,,
189420,,,,,,,,
189556,,,,,,,,
190000,,,,,,,,
190152,,,,,,,,
190352,,,,,,,,
190358,,,,,,,,
190627,,,,,,,,
190780,,,,,,,,
190950,,,,,,,,
191056,,,,,,,,
191335,,,,,,,,
191446,,,,,,,,
192141,,,,,,,,
192254,,,,,,,,
192881,,,,,,,,
192987,,,,,,,,
193028,,,,,,,,
193103,,,,,,,,
193223,,,,,,,,
193278,,,,,,,,
193422,,,,,,,,
193474,,,,,,,,
193612,,,,,,,,
193722,,,,,,,,
193878,,,,,,,,
194101,,,,,,,,
194386,,,,,,,,
194393,,,,,,,,
194516,,,,,,,,
194708,,,,,,,,
194883,,,,,,,,
195160,,,,,,,,
195913,,,,,,,,
196044,,,,,,,,
196482,,,,,,,,
196906,,,,,,,,
197411,,,,,,,,
197485,,,,,,,,
197583,,,,,,,,
197626,,,,,,,,
197790,,,,,,,,
198001,,,,,,,,
198182,,,,,,,,
198228,,,,,,,,
198254,,,,,,,,
198359,,,,,,,,
198427,,,,,,,,
198429,,,,,,,,
198455,,,,,,,,
198474,,,,,,,,
198614,,,,,,,,
198726,,,,,,,,
198782,,,,,,,,
198803,,,,,,,,
199341,,,,,,,,
199565,,,,,,,,
199951,,,,,,,,
200011,,,,,,,,
200015,,,,,,,,
200044,,,,,,,,
200063,,,,,,,,
200447,,,,,,,,
200481,,,,,,,,
200527,,,,,,,,
200574,,,,,,,,
200639,,,,,,,,
200879,,,,,,,,
200950,,,,,,,,
200995,,,,,,,,
201006,,,,,,,,
201347,,,,,,,,
201405,,,,,,,,
201586,,,,,,,,
201593,,,,,,,,
201749,,,,,,,,
201752,,,,,,,,
201777,,,,,,,,
202125,,,,,,,,
202172,,,,,,,,
202425,,,,,,,,
202451,,,,,,,,
202516,,,,,,,,
202598,,,,,,,,
202865,,,,,,,,
202978,,,,,,,,
203055,,,,,,,,
203433,,,,,,,,
203599,,,,,,,,
203726,,,,,,,,
203803,,,,,,,,
203916,,,,,,,,
204087,,,,,,,,
204202,,,,,,,,
204666,,,,,,,,
204761,,,,,,,,
204912,,,,,,,,
204965,,,,,,,,
204973,,,,,,,,
205763,,,,,,,,
205793,,,,,,,,
205809,,,,,,,,
205883,,,,,,,,
206202,,,,,,,,
206289,,,,,,,,
206419,,,,,,,,
206421,,,,,,,,
206821,,,,,,,,
206930,,,,,,,,
207273,,,,,,,,
207441,,,,,,,,
207475,,,,,,,,
207704,,,,,,,,
207724,,,,,,,,
207735,,,,,,,,
207769,,,,,,,,
207773,,,,,,,,
207883,,,,,,,,
207999,,,,,,,,
208515,,,,,,,,
208529,,,,,,,,
208658,,,,,,,,
208933,,,,,,,,
209024,,,,,,,,
209209,,,,,,,,
209241,,,,,,,,
209263,,,,,,,,
209318,,,,,,,,
209413,,,,,,,,
209676,,,,,,,,
209901,,,,,,,,
210068,,,,,,,,
210346,,,,,,,,
210832,,,,,,,,
210966,,,,,,,,
211005,,,,,,,,
211067,,,,,,,,
211505,,,,,,,,
211805,,,,,,,,
211819,,,,,,,,
212125,,,,,,,,
212248,,,,,,,,
212494,,,,,,,,
212734,,,,,,,,
212747,,,,,,,,
213028,,,,,,,,
213555,,,,,,,,
213744,,,,,,,,
213967,,,,,,,,
214129,,,,,,,,
214194,,,,,,,,
214218,,,,,,,,
214251,,,,,,,,
214703,,,,,,,,
214735,,,,,,,,
214988,,,,,,,,
215063,,,,,,,,
215341,,,,,,,,
215381,,,,,,,,
215408,,,,,,,,
215699,,,,,,,,
215720,,,,,,,,
215807,,,,,,,,
215935,,,,,,,,
216203,,,,,,,,
216500,,,,,,,,
216932,,,,,,,,
217295,,,,,,,,
217745,,,,,,,,
217775,,,,,,,,
217809,,,,,,,,
218113,,,,,,,,
218769,,,,,,,,
218850,,,,,,,,
218901,,,,,,,,
219247,,,,,,,,
219255,,,,,,,,
219278,,,,,,,,
219305,,,,,,,,
219693,,,,,,,,
219811,,,,,,,,
219832,,,,,,,,
219835,,,,,,,,
219945,,,,,,,,
220200,,,,,,,,
220454,,,,,,,,
220500,,,,,,,,
220765,,,,,,,,
220782,,,,,,,,
220946,,,,,,,,
221693,,,,,,,,
221897,,,,,,,,
221981,,,,,,,,
222326,,,,,,,,
222462,,,,,,,,
222664,,,,,,,,
222817,,,,,,,,
222837,,,,,,,,
222847,,,,,,,,
222885,,,,,,,,
223189,,,,,,,,
223436,,,,,,,,
223446,,,,,,,,
223574,,,,,,,,
223899,,,,,,,,
224223,,,,,,,,
224275,,,,,,,,
224658,,,,,,,,
224832,,,,,,,,
224937,,,,,,,,
225614,,,,,,,,
225977,,,,,,,,
226269,,,,,,,,
226327,,,,,,,,
226572,,,,,,,,
226673,,,,,,,,
226744,,,,,,,,
226854,,,,,,,,
226860,,,,,,,,
226974,,,,,,,,
227188,,,,,,,,
227370,,,,,,,,
227552,,,,,,,,
227733,,,,,,,,
227759,,,,,,,,
228194,,,,,,,,
228434,,,,,,,,
228436,,,,,,,,
228692,,,,,,,,
228987,,,,,,,,
229078,,,,,,,,
229526,,,,,,,,
229540,,,,,,,,
229594,,,,,,,,
229613,,,,,,,,
229759,,,,,,,,
230029,,,,,,,,
230168,,,,,,,,
230210,,,,,,,,
230619,,,,,,,,
230883,,,,,,,,
231001,,,,,,,,
231562,,,,,,,,
232034,,,,,,,,
232260,,,,,,,,
232791,,,,,,,,
232794,,,,,,,,
232825,,,,,,,,
233550,,,,,,,,
234155,,,,,,,,
234256,,,,,,,,
235271,,,,,,,,
235990,,,,,,,,
236329,,,,,,,,
236409,,,,,,,,
236436,,,,,,,,
236645,,,,,,,,
237584,,,,,,,,
237614,,,,,,,,
237711,,,,,,,,
238298,,,,,,,,
238358,,,,,,,,
238368,,,,,,,,
238398,,,,,,,,
238636,,,,,,,,
238751,,,,,,,,
239043,,,,,,,,
239241,,,,,,,,
239372,,,,,,,,
239389,,,,,,,,
239562,,,,,,,,
239563,,,,,,,,
239801,,,,,,,,
240213,,,,,,,,
241044,,,,,,,,
241251,,,,,,,,
241310,,,,,,,,
241771,,,,,,,,
241792,,,,,,,,
241794,,,,,,,,
241934,,,,,,,,
241982,,,,,,,,
242065,,,,,,,,
242083,,,,,,,,
242088,,,,,,,,
242257,,,,,,,,
242376,,,,,,,,
242454,,,,,,,,
242724,,,,,,,,
242821,,,,,,,,
242891,,,,,,,,
243294,,,,,,,,
243312,,,,,,,,
243473,,,,,,,,
243565,,,,,,,,
243688,,,,,,,,
243716,,,,,,,,
243856,,,,,,,,
244071,,,,,,,,
244084,,,,,,,,
244264,,,,,,,,
244539,,,,,,,,
245128,,,,,,,,
245175,,,,,,,,
245400,,,,,,,,
245856,,,,,,,,
246654,,,,,,,,
246874,,,,,,,,
246984,,,,,,,,
247049,,,,,,,,
247601,,,,,,,,
247668,,,,,,,,
247684,,,,,,,,
248319,,,,,,,,
248631,,,,,,,,
248633,,,,,,,,
248705,,,,,,,,
249151,,,,,,,,
249969,,,,,,,,
249994,,,,,,,,
250093,,,,,,,,
250312,,,,,,,,
250563,,,,,,,,
250660,,,,,,,,
250745,,,,,,,,
250804,,,,,,,,
250833,,,,,,,,
250852,,,,,,,,
250989,,,,,,,,
251287,,,,,,,,
251421,,,,,,,,
251627,,,,,,,,
251783,,,,,,,,
252028,,,,,,,,
252063,,,,,,,,
252164,,,,,,,,
252279,,,,,,,,
252293,,,,,,,,
252350,,,,,,,,
252483,,,,,,,,
252520,,,,,,,,
252650,,,,,,,,
252709,,,,,,,,
252711,,,,,,,,
252830,,,,,,,,
253153,,,,,,,,
253213,,,,,,,,
253251,,,,,,,,
253277,,,,,,,,
253283,,,,,,,,
253301,,,,,,,,
253332,,,,,,,,
253532,,,,,,,,
253788,,,,,,,,
254023,,,,,,,,
254293,,,,,,,,
254320,,,,,,,,
254420,,,,,,,,
254531,,,,,,,,
254601,,,,,,,,
254725,,,,,,,,
254866,,,,,,,,
255160,,,,,,,,
255268,,,,,,,,
255280,,,,,,,,
255346,,,,,,,,
255391,,,,,,,,
255401,,,,,,,,
255419,,,,,,,,
255435,,,,,,,,
255459,,,,,,,,
255491,,,,,,,,
255533,,,,,,,,
255559,,,,,,,,
255564,,,,,,,,
255685,,,,,,,,
255705,,,,,,,,
255778,,,,,,,,
255860,,,,,,,,
256104,,,,,,,,
256122,,,,,,,,
256153,,,,,,,,
256184,,,,,,,,
256239,,,,,,,,
256311,,,,,,,,
256445,,,,,,,,
256771,,,,,,,,
256907,,,,,,,,
257095,,,,,,,,
257117,,,,,,,,
257198,,,,,,,,
257302,,,,,,,,
257347,,,,,,,,
257448,,,,,,,,
257495,,,,,,,,
257553,,,,,,,,
257572,,,,,,,,
257608,,,,,,,,
257638,,,,,,,,
257909,,,,,,,,
258136,,,,,,,,
258210,,,,,,,,
258216,,,,,,,,
258260,,,,,,,,
258276,,,,,,,,
258357,,,,,,,,
258450,,,,,,,,
258565,,,,,,,,
258614,,,,,,,,
258673,,,,,,,,
259019,,,,,,,,
259246,,,,,,,,
259262,,,,,,,,
259633,,,,,,,,
259678,,,,,,,,
259719,,,,,,,,
259904,,,,,,,,
259944,,,,,,,,
260266,,,,,,,,
260313,,,,,,,,
260352,,,,,,,,
260578,,,,,,,,
260891,,,,,,,,
260921,,,,,,,,
261039,,,,,,,,
261107,,,,,,,,
261111,,,,,,,,
261170,,,,,,,,
261176,,,,,,,,
261180,,,,,,,,
261185,,,,,,,,
261470,,,,,,,,
261510,,,,,,,,
261916,,,,,,,,
262081,,,,,,,,
262425,,,,,,,,
262436,,,,,,,,
262507,,,,,,,,
262702,,,,,,,,
263169,,,,,,,,
263600,,,,,,,,
263865,,,,,,,,
263913,,,,,,,,
264001,,,,,,,,
264017,,,,,,,,
264139,,,,,,,,
264760,,,,,,,,
264898,,,,,,,,
264915,,,,,,,,
264978,,,,,,,,
264992,,,,,,,,
265329,,,,,,,,
265463,,,,,,,,
265473,,,,,,,,
265563,,,,,,,,
265797,,,,,,,,
266116,,,,,,,,
266442,,,,,,,,
266873,,,,,,,,
266938,,,,,,,,
267093,,,,,,,,
267094,,,,,,,,
267179,,,,,,,,
267228,,,,,,,,
267229,,,,,,,,
267573,,,,,,,,
267605,,,,,,,,
267860,,,,,,,,
267863,,,,,,,,
267931,,,,,,,,
268050,,,,,,,,
268386,,,,,,,,
268508,,,,,,,,
268591,,,,,,,,
269133,,,,,,,,
269281,,,,,,,,
269340,,,,,,,,
269403,,,,,,,,
269495,,,,,,,,
269646,,,,,,,,
269961,,,,,,,,
270434,,,,,,,,
270724,,,,,,,,
270755,,,,,,,,
270939,,,,,,,,
271087,,,,,,,,
271092,,,,,,,,
271327,,,,,,,,
271542,,,,,,,,
271665,,,,,,,,
271789,,,,,,,,
271794,,,,,,,,
271826,,,,,,,,
271856,,,,,,,,
271954,,,,,,,,
272075,,,,,,,,
272271,,,,,,,,
272525,,,,,,,,
272692,,,,,,,,
272873,,,,,,,,
273066,,,,,,,,
273153,,,,,,,,
273215,,,,,,,,
273468,,,,,,,,
273574,,,,,,,,
273621,,,,,,,,
273725,,,,,,,,
273743,,,,,,,,
273870,,,,,,,,
274127,,,,,,,,
274221,,,,,,,,
274588,,,,,,,,
275004,,,,,,,,
275366,,,,,,,,
275468,,,,,,,,
276123,,,,,,,,
276251,,,,,,,,
276678,,,,,,,,
276754,,,,,,,,
276828,,,,,,,,
276836,,,,,,,,
277289,,,,,,,,
277364,,,,,,,,
277509,,,,,,,,
277575,,,,,,,,
277597,,,,,,,,
277677,,,,,,,,
277827,,,,,,,,
277874,,,,,,,,
277976,,,,,,,,
278005,,,,,,,,
278013,,,,,,,,
278030,,,,,,,,
278057,,,,,,,,
278177,,,,,,,,
278212,,,,,,,,
278470,,,,,,,,
278799,,,,,,,,
278851,,,,,,,,
278853,,,,,,,,
279100,,,,,,,,
279117,,,,,,,,
279316,,,,,,,,
279333,,,,,,,,
279339,,,,,,,,
279397,,,,,,,,
279450,,,,,,,,
279492,,,,,,,,
279576,,,,,,,,
279627,,,,,,,,
279818,,,,,,,,
279877,,,,,,,,
279966,,,,,,,,
279975,,,,,,,,
279992,,,,,,,,
279994,,,,,,,,
280020,,,,,,,,
280212,,,,,,,,
280218,,,,,,,,
280251,,,,,,,,
280262,,,,,,,,
280267,,,,,,,,
280283,,,,,,,,
280304,,,,,,,,
280332,,,,,,,,
280374,,,,,,,,
280416,,,,,,,,
280922,,,,,,,,
280948,,,,,,,,
281029,,,,,,,,
281152,,,,,,,,
281209,,,,,,,,
281272,,,,,,,,
281556,,,,,,,,
281807,,,,,,,,
281832,,,,,,,,
281984,,,,,,,,
282327,,,,,,,,
282868,,,,,,,,
282929,,,,,,,,
283146,,,,,,,,
283161,,,,,,,,
283201,,,,,,,,
283427,,,,,,,,
283462,,,,,,,,
283536,,,,,,,,
283711,,,,,,,,
283727,,,,,,,,
283831,,,,,,,,
284169,,,,,,,,
284306,,,,,,,,
284427,,,,,,,,
284760,,,,,,,,
285307,,,,,,,,
285460,,,,,,,,
285532,,,,,,,,
285803,,,,,,,,
285814,,,,,,,,
285863,,,,,,,,
285898,,,,,,,,
286208,,,,,,,,
286339,,,,,,,,
286402,,,,,,,,
286734,,,,,,,,
287426,,,,,,,,
287587,,,,,,,,
287594,,,,,,,,
287635,,,,,,,,
287821,,,,,,,,
287868,,,,,,,,
287898,,,,,,,,
288120,,,,,,,,
288267,,,,,,,,
288301,,,,,,,,
288421,,,,,,,,
288427,,,,,,,,
288553,,,,,,,,
288606,,,,,,,,
288824,,,,,,,,
288876,,,,,,,,
288988,,,,,,,,
289119,,,,,,,,
289126,,,,,,,,
289129,,,,,,,,
289191,,,,,,,,
289280,,,,,,,,
289347,,,,,,,,
289535,,,,,,,,
289720,,,,,,,,
289820,,,,,,,,
289902,,,,,,,,
290075,,,,,,,,
290157,,,,,,,,
290217,,,,,,,,
290265,,,,,,,,
290274,,,,,,,,
290361,,,,,,,,
290880,,,,,,,,
291006,,,,,,,,
291067,,,,,,,,
291156,,,,,,,,
291188,,,,,,,,
291543,,,,,,,,
291586,,,,,,,,
291976,,,,,,,,
292071,,,,,,,,
292280,,,,,,,,
292283,,,,,,,,
292299,,,,,,,,
292631,,,,,,,,
292754,,,,,,,,
293085,,,,,,,,
293109,,,,,,,,
293264,,,,,,,,
293426,,,,,,,,
293569,,,,,,,,
293742,,,,,,,,
293828,,,,,,,,
294006,,,,,,,,
294016,,,,,,,,
294047,,,,,,,,
294083,,,,,,,,
295087,,,,,,,,
295131,,,,,,,,
295355,,,,,,,,
295613,,,,,,,,
295723,,,,,,,,
295748,,,,,,,,
296512,,,,,,,,
296777,,,,,,,,
296993,,,,,,,,
297302,,,,,,,,
297326,,,,,,,,
297462,,,,,,,,
297472,,,,,,,,
297482,,,,,,,,
297662,,,,,,,,
297747,,,,,,,,
297845,,,,,,,,
298200,,,,,,,,
298729,,,,,,,,
298783,,,,,,,,
298830,,,,,,,,
298973,,,,,,,,
299113,,,,,,,,
299143,,,,,,,,
299219,,,,,,,,
299245,,,,,,,,
299599,,,,,,,,
299638,,,,,,,,
299783,,,,,,,,
300207,,,,,,,,
300544,,,,,,,,
300798,,,,,,,,
300832,,,,,,,,
301334,,,,,,,,
301355,,,,,,,,
302323,,,,,,,,
302424,,,,,,,,
302471,,,,,,,,
302869,,,,,,,,
302945,,,,,,,,
302950,,,,,,,,
303214,,,,,,,,
303335,,,,,,,,
303360,,,,,,,,
303398,,,,,,,,
303457,,,,,,,,
303854,,,,,,,,
304130,,,,,,,,
304346,,,,,,,,
305215,,,,,,,,
305283,,,,,,,,
305594,,,,,,,,
305724,,,,,,,,
305853,,,,,,,,
305937,,,,,,,,
306257,,,,,,,,
306299,,,,,,,,
306336,,,,,,,,
306412,,,,,,,,
306557,,,,,,,,
306698,,,,,,,,
306742,,,,,,,,
306745,,,,,,,,
306748,,,,,,,,
307013,,,,,,,,
307016,,,,,,,,
307127,,,,,,,,
307168,,,,,,,,
307848,,,,,,,,
307920,,,,,,,,
308072,,,,,,,,
308285,,,,,,,,
308610,,,,,,,,
308646,,,,,,,,
309304,,,,,,,,
309630,,,,,,,,
310133,,,,,,,,
310491,,,,,,,,
310570,,,,,,,,
310933,,,,,,,,
311093,,,,,,,,
311179,,,,,,,,
312092,,,,,,,,
312174,,,,,,,,
312332,,,,,,,,
312791,,,,,,,,
312921,,,,,,,,
313219,,,,,,,,
313846,,,,,,,,
314206,,,,,,,,
314872,,,,,,,,
315009,,,,,,,,
315032,,,,,,,,
315055,,,,,,,,
315893,,,,,,,,
316183,,,,,,,,
316430,,,,,,,,
316441,,,,,,,,
316582,,,,,,,,
316891,,,,,,,,
317655,,,,,,,,
317744,,,,,,,,
317954,,,,,,,,
318240,,,,,,,,
318290,,,,,,,,
318846,,,,,,,,
319184,,,,,,,,
319340,,,,,,,,
319341,,,,,,,,
319632,,,,,,,,
320021,,,,,,,,
320028,,,,,,,,
320430,,,,,,,,
320587,,,,,,,,
320629,,,,,,,,
320638,,,,,,,,
320799,,,,,,,,
320906,,,,,,,,
320934,,,,,,,,
322361,,,,,,,,
322465,,,,,,,,
322518,,,,,,,,
322841,,,,,,,,
322853,,,,,,,,
322912,,,,,,,,
323160,,,,,,,,
323214,,,,,,,,
323482,,,,,,,,
323696,,,,,,,,
323774,,,,,,,,
324271,,,,,,,,
324291,,,,,,,,
324489,,,,,,,,
324986,,,,,,,,
325373,,,,,,,,
325736,,,,,,,,
325803,,,,,,,,
325822,,,,,,,,
325827,,,,,,,,
326088,,,,,,,,
326146,,,,,,,,
326262,,,,,,,,
326452,,,,,,,,
326665,,,,,,,,
326908,,,,,,,,
326957,,,,,,,,
327016,,,,,,,,
327104,,,,,,,,
327190,,,,,,,,
327436,,,,,,,,
327526,,,,,,,,
327536,,,,,,,,
327909,,,,,,,,
327953,,,,,,,,
328252,,,,,,,,
328370,,,,,,,,
328589,,,,,,,,
328683,,,,,,,,
328842,,,,,,,,
328890,,,,,,,,
329010,,,,,,,,
329024,,,,,,,,
329434,,,,,,,,
329486,,,,,,,,
329505,,,,,,,,
329551,,,,,,,,
329706,,,,,,,,
329713,,,,,,,,
329815,,,,,,,,
330047,,,,,,,,
330071,,,,,,,,
330483,,,,,,,,
330564,,,,,,,,
330698,,,,,,,,
330716,,,,,,,,
331184,,,,,,,,
331251,,,,,,,,
331289,,,,,,,,
331309,,,,,,,,
331330,,,,,,,,
331452,,,,,,,,
331908,,,,,,,,
332079,,,,,,,,
332285,,,,,,,,
332310,,,,,,,,
332354,,,,,,,,
332830,,,,,,,,
332852,,,,,,,,
333028,,,,,,,,
333088,,,,,,,,
333092,,,,,,,,
333502,,,,,,,,
333669,,,,,,,,
334175,,,,,,,,
334374,,,,,,,,
334495,,,,,,,,
334519,,,,,,,,
334889,,,,,,,,
335117,,,,,,,,
335145,,,,,,,,
335327,,,,,,,,
335970,,,,,,,,
336007,,,,,,,,
336199,,,,,,,,
336303,,,,,,,,
336691,,,,,,,,
336811,,,,,,,,
337167,,,,,,,,
337381,,,,,,,,
337412,,,,,,,,
337469,,,,,,,,
337631,,,,,,,,
337667,,,,,,,,
337958,,,,,,,,
338063,,,,,,,,
338161,,,,,,,,
338273,,,,,,,,
338387,,,,,,,,
338734,,,,,,,,
338768,,,,,,,,
339342,,,,,,,,
339349,,,,,,,,
339763,,,,,,,,
339973,,,,,,,,
340402,,,,,,,,
340485,,,,,,,,
340684,,,,,,,,
340699,,,,,,,,
340816,,,,,,,,
341594,,,,,,,,
341839,,,,,,,,
341957,,,,,,,,
342589,,,,,,,,
343283,,,,,,,,
343702,,,,,,,,
343710,,,,,,,,
344360,,,,,,,,
344906,,,,,,,,
345176,,,,,,,,
345680,,,,,,,,
345692,,,,,,,,
345981,,,,,,,,
346084,,,,,,,,
346170,,,,,,,,
346517,,,,,,,,
346588,,,,,,,,
346633,,,,,,,,
346723,,,,,,,,
346737,,,,,,,,
347344,,,,,,,,
347588,,,,,,,,
347626,,,,,,,,
347680,,,,,,,,
347702,,,,,,,,
347881,,,,,,,,
347885,,,,,,,,
347951,,,,,,,,
348084,,,,,,,,
348291,,,,,,,,
348346,,,,,,,,
348389,,,,,,,,
348391,,,,,,,,
348569,,,,,,,,
348765,,,,,,,,
348862,,,,,,,,
348896,,,,,,,,
349498,,,,,,,,
349848,,,,,,,,
350203,,,,,,,,
350841,,,,,,,,
350873,,,,,,,,
350875,,,,,,,,
351004,,,,,,,,
351426,,,,,,,,
351777,,,,,,,,
351900,,,,,,,,
351981,,,,,,,,
352024,,,,,,,,
352164,,,,,,,,
352353,,,,,,,,
352364,,,,,,,,
352387,,,,,,,,
352413,,,,,,,,
352491,,,,,,,,
352499,,,,,,,,
352552,,,,,,,,
352650,,,,,,,,
352695,,,,,,,,
352812,,,,,,,,
352914,,,,,,,,
353117,,,,,,,,
353429,,,,,,,,
353632,,,,,,,,
353684,,,,,,,,
353732,,,,,,,,
353999,,,,,,,,
354150,,,,,,,,
354395,,,,,,,,
355264,,,,,,,,
355335,,,,,,,,
355506,,,,,,,,
355610,,,,,,,,
355996,,,,,,,,
356187,,,,,,,,
356626,,,,,,,,
356782,,,,,,,,
356994,,,,,,,,
357199,,,,,,,,
357429,,,,,,,,
357458,,,,,,,,
357517,,,,,,,,
357530,,,,,,,,
357659,,,,,,,,
357706,,,,,,,,
357851,,,,,,,,
358075,,,,,,,,
358304,,,,,,,,
358881,,,,,,,,
358893,,,,,,,,
358924,,,,,,,,
358962,,,,,,,,
359043,,,,,,,,
359093,,,,,,,,
359242,,,,,,,,
359503,,,,,,,,
359504,,,,,,,,
359567,,,,,,,,
359611,,,,,,,,
360025,,,,,,,,
360055,,,,,,,,
360293,,,,,,,,
360773,,,,,,,,
360776,,,,,,,,
360778,,,,,,,,
360816,,,,,,,,
361361,,,,,,,,
361403,,,,,,,,
361543,,,,,,,,
361605,,,,,,,,
361617,,,,,,,,
362046,,,,,,,,
362101,,,,,,,,
362117,,,,,,,,
362170,,,,,,,,
362212,,,,,,,,
362237,,,,,,,,
362343,,,,,,,,
362758,,,,,,,,
363013,,,,,,,,
363111,,,,,,,,
363155,,,,,,,,
363579,,,,,,,,
363838,,,,,,,,
364327,,,,,,,,
364487,,,,,,,,
364776,,,,,,,,
364811,,,,,,,,
365187,,,,,,,,
365267,,,,,,,,
365909,,,,,,,,
366851,,,,,,,,
367333,,,,,,,,
367344,,,,,,,,
367956,,,,,,,,
368155,,,,,,,,
368189,,,,,,,,
368256,,,,,,,,
368743,,,,,,,,
368999,,,,,,,,
369230,,,,,,,,
369237,,,,,,,,
369245,,,,,,,,
369370,,,,,,,,
369778,,,,,,,,
369912,,,,,,,,
370234,,,,,,,,
370470,,,,,,,,
370725,,,,,,,,
371003,,,,,,,,
371451,,,,,,,,
371657,,,,,,,,
372689,,,,,,,,
373378,,,,,,,,
374074,,,,,,,,
374547,,,,,,,,
374555,,,,,,,,
375527,,,,,,,,
375562,,,,,,,,
375620,,,,,,,,
376002,,,,,,,,
376130,,,,,,,,
376515,,,,,,,,
376581,,,,,,,,
376858,,,,,,,,
377461,,,,,,,,
377799,,,,,,,,
378017,,,,,,,,
378087,,,,,,,,
378107,,,,,,,,
378310,,,,,,,,
378381,,,,,,,,
378779,,,,,,,,
379074,,,,,,,,
379075,,,,,,,,
379315,,,,,,,,
379371,,,,,,,,
379851,,,,,,,,
379959,,,,,,,,
380061,,,,,,,,
380111,,,,,,,,
380121,,,,,,,,
380225,,,,,,,,
380282,,,,,,,,
380464,,,,,,,,
380622,,,,,,,,
381040,,,,,,,,
381645,,,,,,,,
381725,,,,,,,,
381907,,,,,,,,
382467,,,,,,,,
382755,,,,,,,,
383098,,,,,,,,
383442,,,,,,,,
383748,,,,,,,,
383912,,,,,,,,
384259,,,,,,,,
384582,,,,,,,,
384664,,,,,,,,
384973,,,,,,,,
385141,,,,,,,,
385372,,,,,,,,
385598,,,,,,,,
385761,,,,,,,,
385833,,,,,,,,
386052,,,,,,,,
386352,,,,,,,,
386720,,,,,,,,
387336,,,,,,,,
387830,,,,,,,,
387840,,,,,,,,
387844,,,,,,,,
387847,,,,,,,,
387957,,,,,,,,
388067,,,,,,,,
388819,,,,,,,,
389825,,,,,,,,
390253,,,,,,,,
390437,,,,,,,,
390470,,,,,,,,
390996,,,,,,,,
391004,,,,,,,,
391087,,,,,,,,
391208,,,,,,,,
391486,,,,,,,,
391662,,,,,,,,
391907,,,,,,,,
391955,,,,,,,,
392207,,,,,,,,
392318,,,,,,,,
392407,,,,,,,,
392437,,,,,,,,
392554,,,,,,,,
392976,,,,,,,,
393079,,,,,,,,
393106,,,,,,,,
393345,,,,,,,,
393411,,,,,,,,
393561,,,,,,,,
393882,,,,,,,,
393945,,,,,,,,
394170,,,,,,,,
394645,,,,,,,,
395511,,,,,,,,
395531,,,,,,,,
395726,,,,,,,,
395919,,,,,,,,
395985,,,,,,,,
396004,,,,,,,,
396109,,,,,,,,
396391,,,,,,,,
396689,,,,,,,,
396692,,,,,,,,
396940,,,,,,,,
397109,,,,,,,,
398222,,,,,,,,
398289,,,,,,,,
398766,,,,,,,,
398909,,,,,,,,
398936,,,,,,,,
398943,,,,,,,,
399024,,,,,,,,
399049,,,,,,,,
399402,,,,,,,,
399417,,,,,,,,
399636,,,,,,,,
399778,,,,,,,,
399828,,,,,,,,
400041,,,,,,,,
400090,,,,,,,,
400391,,,,,,,,
400392,,,,,,,,
400579,,,,,,,,
400749,,,,,,,,
400820,,,,,,,,
400870,,,,,,,,
400960,,,,,,,,
400990,,,,,,,,
401061,,,,,,,,
401737,,,,,,,,
402218,,,,,,,,
402351,,,,,,,,
403130,,,,,,,,
403364,,,,,,,,
403608,,,,,,,,
403964,,,,,,,,
404108,,,,,,,,
404771,,,,,,,,
405473,,,,,,,,
405607,,,,,,,,
406107,,,,,,,,
406112,,,,,,,,
406858,,,,,,,,
407250,,,,,,,,
407404,,,,,,,,
407562,,,,,,,,
407619,,,,,,,,
407789,,,,,,,,
408024,,,,,,,,
408028,,,,,,,,
408266,,,,,,,,
408270,,,,,,,,
408376,,,,,,,,
408508,,,,,,,,
408975,,,,,,,,
409136,,,,,,,,
409276,,,,,,,,
409326,,,,,,,,
409900,,,,,,,,
410130,,,,,,,,
410729,,,,,,,,
411039,,,,,,,,
411267,,,,,,,,
411287,,,,,,,,
411608,,,,,,,,
411631,,,,,,,,
411656,,,,,,,,
411717,,,,,,,,
411751,,,,,,,,
412093,,,,,,,,
412363,,,,,,,,
412546,,,,,,,,
412762,,,,,,,,
412888,,,,,,,,
412974,,,,,,,,
413388,,,,,,,,
413417,,,,,,,,
413441,,,,,,,,
413576,,,,,,,,
413627,,,,,,,,
413730,,,,,,,,
414224,,,,,,,,
414792,,,,,,,,
415036,,,,,,,,
415253,,,,,,,,
415358,,,,,,,,
415546,,,,,,,,
415823,,,,,,,,
415842,,,,,,,,
416101,,,,,,,,
416121,,,,,,,,
416124,,,,,,,,
416319,,,,,,,,
416477,,,,,,,,
416673,,,,,,,,
416682,,,,,,,,
416722,,,,,,,,
416922,,,,,,,,
417179,,,,,,,,
417285,,,,,,,,
417341,,,,,,,,
417864,,,,,,,,
418113,,,,,,,,
418319,,,,,,,,
418691,,,,,,,,
418987,,,,,,,,
419114,,,,,,,,
419116,,,,,,,,
419182,,,,,,,,
419276,,,,,,,,
419322,,,,,,,,
419478,,,,,,,,
419946,,,,,,,,
420346,,,,,,,,
420452,,,,,,,,
420481,,,,,,,,
420584,,,,,,,,
420912,,,,,,,,
421074,,,,,,,,
421313,,,,,,,,
421486,,,,,,,,
421631,,,,,,,,
421745,,,,,,,,
421848,,,,,,,,
421962,,,,,,,,
421985,,,,,,,,
422256,,,,,,,,
422327,,,,,,,,
422333,,,,,,,,
422972,,,,,,,,
423024,,,,,,,,
423180,,,,,,,,
423377,,,,,,,,
424014,,,,,,,,
424321,,,,,,,,
424336,,,,,,,,
424388,,,,,,,,
424651,,,,,,,,
424822,,,,,,,,
424889,,,,,,,,
425186,,,,,,,,
425703,,,,,,,,
425860,,,,,,,,
425971,,,,,,,,
426067,,,,,,,,
426264,,,,,,,,
426545,,,,,,,,
426830,,,,,,,,
427427,,,,,,,,
427900,,,,,,,,
428355,,,,,,,,
428558,,,,,,,,
429023,,,,,,,,
429191,,,,,,,,
429476,,,,,,,,
429532,,,,,,,,
429732,,,,,,,,
429797,,,,,,,,
430200,,,,,,,,
430644,,,,,,,,
431006,,,,,,,,
431479,,,,,,,,
431734,,,,,,,,
432616,,,,,,,,
432976,,,,,,,,
432987,,,,,,,,
433002,,,,,,,,
433068,,,,,,,,
433085,,,,,,,,
433108,,,,,,,,
433448,,,,,,,,
433623,,,,,,,,
434015,,,,,,,,
434119,,,,,,,,
435035,,,,,,,,
435118,,,,,,,,
435323,,,,,,,,
435557,,,,,,,,
436049,,,,,,,,
436056,,,,,,,,
436061,,,,,,,,
436167,,,,,,,,
436285,,,,,,,,
436373,,,,,,,,
436450,,,,,,,,
436816,,,,,,,,
436833,,,,,,,,
436932,,,,,,,,
437380,,,,,,,,
437542,,,,,,,,
437830,,,,,,,,
437872,,,,,,,,
438396,,,,,,,,
438435,,,,,,,,
438455,,,,,,,,
438481,,,,,,,,
438500,,,,,,,,
439006,,,,,,,,
439128,,,,,,,,
439154,,,,,,,,
439446,,,,,,,,
439502,,,,,,,,
439927,,,,,,,,
440061,,,,,,,,
440228,,,,,,,,
440374,,,,,,,,
440508,,,,,,,,
441102,,,,,,,,
441386,,,,,,,,
441559,,,,,,,,
441659,,,,,,,,
441875,,,,,,,,
441906,,,,,,,,
442425,,,,,,,,
442896,,,,,,,,
442928,,,,,,,,
443306,,,,,,,,
444152,,,,,,,,
444193,,,,,,,,
444902,,,,,,,,
445768,,,,,,,,
445778,,,,,,,,
446020,,,,,,,,
446038,,,,,,,,
446039,,,,,,,,
446343,,,,,,,,
446400,,,,,,,,
446483,,,,,,,,
446858,,,,,,,,
447206,,,,,,,,
447225,,,,,,,,
447399,,,,,,,,
447427,,,,,,,,
447484,,,,,,,,
447839,,,,,,,,
448001,,,,,,,,
448160,,,,,,,,
448341,,,,,,,,
448472,,,,,,,,
448794,,,,,,,,
449132,,,,,,,,
449300,,,,,,,,
449344,,,,,,,,
449355,,,,,,,,
449519,,,,,,,,
449848,,,,,,,,
450179,,,,,,,,
450519,,,,,,,,
450930,,,,,,,,
451405,,,,,,,,
451555,,,,,,,,
451697,,,,,,,,
451764,,,,,,,,
451765,,,,,,,,
451772,,,,,,,,
451918,,,,,,,,
452073,,,,,,,,
452166,,,,,,,,
452196,,,,,,,,
452947,,,,,,,,
452997,,,,,,,,
453356,,,,,,,,
453384,,,,,,,,
453587,,,,,,,,
453663,,,,,,,,
453769,,,,,,,,
453976,,,,,,,,
454283,,,,,,,,
454361,,,,,,,,
454708,,,,,,,,
455188,,,,,,,,
455306,,,,,,,,
455432,,,,,,,,
455588,,,,,,,,
456086,,,,,,,,
456187,,,,,,,,
456508,,,,,,,,
457970,,,,,,,,
458264,,,,,,,,
458423,,,,,,,,
458594,,,,,,,,
458618,,,,,,,,
458625,,,,,,,,
458836,,,,,,,,
458877,,,,,,,,
458908,,,,,,,,
458932,,,,,,,,
459120,,,,,,,,
459667,,,,,,,,
459722,,,,,,,,
460216,,,,,,,,
460625,,,,,,,,
460668,,,,,,,,
460711,,,,,,,,
460822,,,,,,,,
461714,,,,,,,,
461786,,,,,,,,
462503,,,,,,,,
462655,,,,,,,,
463318,,,,,,,,
463736,,,,,,,,
463843,,,,,,,,
464329,,,,,,,,
464403,,,,,,,,
464757,,,,,,,,
464870,,,,,,,,
465081,,,,,,,,
465155,,,,,,,,
465330,,,,,,,,
465532,,,,,,,,
465641,,,,,,,,
466260,,,,,,,,
466282,,,,,,,,
466410,,,,,,,,
466550,,,,,,,,
466557,,,,,,,,
466673,,,,,,,,
466773,,,,,,,,
467219,,,,,,,,
467615,,,,,,,,
467673,,,,,,,,
467922,,,,,,,,
467924,,,,,,,,
468033,,,,,,,,
468151,,,,,,,,
468204,,,,,,,,
468554,,,,,,,,
468996,,,,,,,,
469687,,,,,,,,
470541,,,,,,,,
471501,,,,,,,,
471509,,,,,,,,
471557,,,,,,,,
471803,,,,,,,,
471843,,,,,,,,
471856,,,,,,,,
472112,,,,,,,,
472200,,,,,,,,
472267,,,,,,,,
472307,,,,,,,,
472467,,,,,,,,
472608,,,,,,,,
472648,,,,,,,,
472693,,,,,,,,
472838,,,,,,,,
473075,,,,,,,,
473408,,,,,,,,
473549,,,,,,,,
473902,,,,,,,,
473924,,,,,,,,
474280,,,,,,,,
474313,,,,,,,,
474883,,,,,,,,
474942,,,,,,,,
475249,,,,,,,,
475516,,,,,,,,
475812,,,,,,,,
475864,,,,,,,,
476016,,,,,,,,
476882,,,,,,,,
477116,,,,,,,,
477201,,,,,,,,
477313,,,,,,,,
477379,,,,,,,,
477866,,,,,,,,
477899,,,,,,,,
478548,,,,,,,,
478826,,,,,,,,
478992,,,,,,,,
479636,,,,,,,,
479746,,,,,,,,
479892,,,,,,,,
479957,,,,,,,,
480007,,,,,,,,
480222,,,,,,,,
480429,,,,,,,,
480434,,,,,,,,
480705,,,,,,,,
480907,,,,,,,,
481290,,,,,,,,
481370,,,,,,,,
481422,,,,,,,,
481546,,,,,,,,
481845,,,,,,,,
482014,,,,,,,,
482214,,,,,,,,
483435,,,,,,,,
483509,,,,,,,,
483742,,,,,,,,
483828,,,,,,,,
483987,,,,,,,,
484245,,,,,,,,
484734,,,,,,,,
485189,,,,,,,,
485340,,,,,,,,
486599,,,,,,,,
487117,,,,,,,,
487363,,,,,,,,
487850,,,,,,,,
488152,,,,,,,,
488223,,,,,,,,
488372,,,,,,,,
488637,,,,,,,,
488811,,,,,,,,
489415,,,,,,,,
489569,,,,,,,,
489992,,,,,,,,
490017,,,,,,,,
490450,,,,,,,,
490538,,,,,,,,
490608,,,,,,,,
490795,,,,,,,,
490928,,,,,,,,
491132,,,,,,,,
491459,,,,,,,,
491474,,,,,,,,
492422,,,,,,,,
492550,,,,,,,,
492611,,,,,,,,
493114,,,,,,,,
493413,,,,,,,,
493620,,,,,,,,
493631,,,,,,,,
493959,,,,,,,,
494062,,,,,,,,
494182,,,,,,,,
495147,,,,,,,,
496103,,,,,,,,
496462,,,,,,,,
496533,,,,,,,,
496673,,,,,,,,
496676,,,,,,,,
497223,,,,,,,,
497515,,,,,,,,
497768,,,,,,,,
497931,,,,,,,,
497994,,,,,,,,
498278,,,,,,,,
498914,,,,,,,,
498957,,,,,,,,
499020,,,,,,,,
499117,,,,,,,,
499159,,,,,,,,
499177,,,,,,,,
499239,,,,,,,,
499558,,,,,,,,
499946,,,,,,,,
500055,,,,,,,,
500075,,,,,,,,
500160,,,,,,,,
500869,,,,,,,,
500895,,,,,,,,
500915,,,,,,,,
501091,,,,,,,,
501190,,,,,,,,
501239,,,,,,,,
501587,,,,,,,,
501606,,,,,,,,
501633,,,,,,,,
501989,,,,,,,,
502025,,,,,,,,
502406,,,,,,,,
502683,,,,,,,,
502875,,,,,,,,
503150,,,,,,,,
503417,,,,,,,,
503420,,,,,,,,
503895,,,,,,,,
503936,,,,,,,,
504159,,,,,,,,
504227,,,,,,,,
504562,,,,,,,,
504891,,,,,,,,
505225,,,,,,,,
505390,,,,,,,,
506064,,,,,,,,
506167,,,,,,,,
507143,,,,,,,,
507660,,,,,,,,
507892,,,,,,,,
507990,,,,,,,,
508081,,,,,,,,
508662,,,,,,,,
508864,,,,,,,,
508933,,,,,,,,
509467,,,,,,,,
509747,,,,,,,,
509829,,,,,,,,
509901,,,,,,,,
510338,,,,,,,,
510498,,,,,,,,
510510,,,,,,,,
511791,,,,,,,,
513297,,,,,,,,
513340,,,,,,,,
513413,,,,,,,,
513421,,,,,,,,
513456,,,,,,,,
513514,,,,,,,,
513648,,,,,,,,
513769,,,,,,,,
513813,,,,,,,,
514055,,,,,,,,
514142,,,,,,,,
514813,,,,,,,,
514883,,,,,,,,
515325,,,,,,,,
515353,,,,,,,,
515916,,,,,,,,
516041,,,,,,,,
516784,,,,,,,,
517064,,,,,,,,
517380,,,,,,,,
517769,,,,,,,,
517831,,,,,,,,
518416,,,,,,,,
518681,,,,,,,,
521647,,,,,,,,
521844,,,,,,,,
522229,,,,,,,,
522237,,,,,,,,
522244,,,,,,,,
522472,,,,,,,,
522531,,,,,,,,
522892,,,,,,,,
523218,,,,,,,,
523781,,,,,,,,
523956,,,,,,,,
524087,,,,,,,,
524247,,,,,,,,
524566,,,,,,,,
525055,,,,,,,,
525590,,,,,,,,
525594,,,,,,,,
525693,,,,,,,,
525738,,,,,,,,
525831,,,,,,,,
525916,,,,,,,,
526171,,,,,,,,
527280,,,,,,,,
527427,,,,,,,,
527436,,,,,,,,
527511,,,,,,,,
528108,,,,,,,,
528590,,,,,,,,
529524,,,,,,,,
529671,,,,,,,,
529862,,,,,,,,
530584,,,,,,,,
530618,,,,,,,,
531282,,,,,,,,
531489,,,,,,,,
532647,,,,,,,,
533165,,,,,,,,
533550,,,,,,,,
533705,,,,,,,,
534235,,,,,,,,
534259,,,,,,,,
534530,,,,,,,,
534939,,,,,,,,
535014,,,,,,,,
535240,,,,,,,,
536070,,,,,,,,
536443,,,,,,,,
536506,,,,,,,,
536717,,,,,,,,
536881,,,,,,,,
536893,,,,,,,,
536927,,,,,,,,
537476,,,,,,,,
537915,,,,,,,,
538126,,,,,,,,
538675,,,,,,,,
539070,,,,,,,,
539531,,,,,,,,
540291,,,,,,,,
540556,,,,,,,,
541342,,,,,,,,
541510,,,,,,,,
542687,,,,,,,,
543384,,,,,,,,
543936,,,,,,,,
543940,,,,,,,,
543961,,,,,,,,
544484,,,,,,,,
544581,,,,,,,,
544675,,,,,,,,
545237,,,,,,,,
545441,,,,,,,,
545609,,,,,,,,
546188,,,,,,,,
546794,,,,,,,,
546822,,,,,,,,
547518,,,,,,,,
547539,,,,,,,,
547780,,,,,,,,
548762,,,,,,,,
549184,,,,,,,,
549514,,,,,,,,
550134,,,,,,,,
550294,,,,,,,,
551994,,,,,,,,
552687,,,,,,,,
552791,,,,,,,,
552990,,,,,,,,
553385,,,,,,,,
554371,,,,,,,,
554739,,,,,,,,
555390,,,,,,,,
556678,,,,,,,,
557635,,,,,,,,
557968,,,,,,,,
558022,,,,,,,,
558096,,,,,,,,
558813,,,,,,,,
559082,,,,,,,,
559418,,,,,,,,
559479,,,,,,,,
559713,,,,,,,,
560391,,,,,,,,
561339,,,,,,,,
561543,,,,,,,,
562215,,,,,,,,
563126,,,,,,,,
563230,,,,,,,,
564176,,,,,,,,
564393,,,,,,,,
565286,,,,,,,,
565758,,,,,,,,
566402,,,,,,,,
566675,,,,,,,,
567024,,,,,,,,
567598,,,,,,,,
568637,,,,,,,,
568776,,,,,,,,
569506,,,,,,,,
571295,,,,,,,,
571451,,,,,,,,
571561,,,,,,,,
571650,,,,,,,,
572048,,,,,,,,
573134,,,,,,,,
573173,,,,,,,,
573680,,,,,,,,
573764,,,,,,,,
573910,,,,,,,,
574078,,,,,,,,
574207,,,,,,,,
575100,,,,,,,,
575190,,,,,,,,
575381,,,,,,,,
575713,,,,,,,,
575718,,,,,,,,
575753,,,,,,,,
575812,,,,,,,,
576599,,,,,,,,
576957,,,,,,,,
577078,,,,,,,,
577080,,,,,,,,
577756,,,,,,,,
578737,,,,,,,,
579386,,,,,,,,
579987,,,,,,,,
581228,,,,,,,,
581475,,,,,,,,
581561,,,,,,,,
581644,,,,,,,,
581791,,,,,,,,
581799,,,,,,,,
581852,,,,,,,,
581958,,,,,,,,
582694,,,,,,,,
582873,,,,,,,,
583132,,,,,,,,
583720,,,,,,,,
585158,,,,,,,,
585184,,,,,,,,
586461,,,,,,,,
586679,,,,,,,,
587030,,,,,,,,
588001,,,,,,,,
588226,,,,,,,,
588436,,,,,,,,
588681,,,,,,,,
589830,,,,,,,,
589984,,,,,,,,
590514,,,,,,,,
591259,,,,,,,,
592028,,,,,,,,
592225,,,,,,,,
592675,,,,,,,,
592696,,,,,,,,
593020,,,,,,,,
594082,,,,,,,,
594692,,,,,,,,
594750,,,,,,,,
594845,,,,,,,,
595801,,,,,,,,
596814,,,,,,,,
597102,,,,,,,,
597229,,,,,,,,
597237,,,,,,,,
597240,,,,,,,,
599951,,,,,,,,
600531,,,,,,,,
601536,,,,,,,,
601744,,,,,,,,
601801,,,,,,,,
602349,,,,,,,,
603448,,,,,,,,
603694,,,,,,,,
604553,,,,,,,,
606157,,,,,,,,
606966,,,,,,,,
607313,,,,,,,,
607365,,,,,,,,
608590,,,,,,,,
608893,,,,,,,,
610851,,,,,,,,
612152,,,,,,,,
612260,,,,,,,,
612701,,,,,,,,
613090,,,,,,,,
613257,,,,,,,,
613787,,,,,,,,
613824,,,,,,,,
614939,,,,,,,,
615665,,,,,,,,
616513,,,,,,,,
616567,,,,,,,,
617255,,,,,,,,
617502,,,,,,,,
617779,,,,,,,,
618363,,,,,,,,
619086,,,,,,,,
619968,,,,,,,,
620354,,,,,,,,
622077,,,,,,,,
623413,,,,,,,,
623520,,,,,,,,
623958,,,,,,,,
624788,,,,,,,,
624808,,,,,,,,
624899,,,,,,,,
624989,,,,,,,,
625409,,,,,,,,
625489,,,,,,,,
626040,,,,,,,,
626076,,,,,,,,
626704,,,,,,,,
626735,,,,,,,,
629851,,,,,,,,
630592,,,,,,,,
630766,,,,,,,,
631420,,,,,,,,
632666,,,,,,,,
635731,,,,,,,,
636879,,,,,,,,
638566,,,,,,,,
642203,,,,,,,,
642221,,,,,,,,
642839,,,,,,,,
645488,,,,,,,,
645503,,,,,,,,
645861,,,,,,,,
646207,,,,,,,,
646426,,,,,,,,
647638,,,,,,,,
649392,,,,,,,,
650272,,,,,,,,
651014,,,,,,,,
652535,,,,,,,,
652681,,,,,,,,
652705,,,,,,,,
652714,,,,,,,,
652836,,,,,,,,
653371,,,,,,,,
653584,,,,,,,,
653606,,,,,,,,
653615,,,,,,,,
653910,,,,,,,,
654344,,,,,,,,
654855,,,,,,,,
657343,,,,,,,,
658047,,,,,,,,
658383,,,,,,,,
659773,,,,,,,,
659994,,,,,,,,
660216,,,,,,,,
660609,,,,,,,,
661227,,,,,,,,
661935,,,,,,,,
662230,,,,,,,,
662678,,,,,,,,
663240,,,,,,,,
664002,,,,,,,,
664040,,,,,,,,
664301,,,,,,,,
665894,,,,,,,,
665899,,,,,,,,
666456,,,,,,,,
669659,,,,,,,,
671432,,,,,,,,
671502,,,,,,,,
671991,,,,,,,,
672370,,,,,,,,
673321,,,,,,,,
676334,,,,,,,,
676547,,,,,,,,
676845,,,,,,,,
678165,,,,,,,,
679018,,,,,,,,
679378,,,,,,,,
680660,,,,,,,,
680778,,,,,,,,
682708,,,,,,,,
683601,,,,,,,,
683641,,,,,,,,
685377,,,,,,,,
685833,,,,,,,,
689948,,,,,,,,
691179,,,,,,,,
691677,,,,,,,,
693475,,,,,,,,
694242,,,,,,,,
695568,,,,,,,,
695829,,,,,,,,
696021,,,,,,,,
698327,,,,,,,,
698343,,,,,,,,
698354,,,,,,,,
698700,,,,,,,,
698948,,,,,,,,
698963,,,,,,,,
699172,,,,,,,,
699280,,,,,,,,
700186,,,,,,,,
700806,,,,,,,,
701121,,,,,,,,
701561,,,,,,,,
701924,,,,,,,,
703971,,,,,,,,
705043,,,,,,,,
707610,,,,,,,,
709589,,,,,,,,
709631,,,,,,,,
709934,,,,,,,,
711642,,,,,,,,
712121,,,,,,,,
713607,,,,,,,,
714023,,,,,,,,
716509,,,,,,,,
716586,,,,,,,,
718245,,,,,,,,
718416,,,,,,,,
718838,,,,,,,,
720395,,,,,,,,
721173,,,,,,,,
722247,,,,,,,,
722913,,,,,,,,
725113,,,,,,,,
726211,,,,,,,,
727833,,,,,,,,
729303,,,,,,,,
730823,,,,,,,,
731103,,,,,,,,
734118,,,,,,,,
734353,,,,,,,,
734550,,,,,,,,
734910,,,,,,,,
735809,,,,,,,,
737157,,,,,,,,
737568,,,,,,,,
741636,,,,,,,,
744276,,,,,,,,
745029,,,,,,,,
745881,,,,,,,,
746131,,,,,,,,
746928,,,,,,,,
748881,,,,,,,,
757149,,,,,,,,
758323,,,,,,,,
758330,,,,,,,,
758510,,,,,,,,
759297,,,,,,,,
760919,,,,,,,,
761163,,,,,,,,
761563,,,,,,,,
762632,,,,,,,,
762975,,,,,,,,
763079,,,,,,,,
763788,,,,,,,,
764835,,,,,,,,
766069,,,,,,,,
767499,,,,,,,,
768127,,,,,,,,
768449,,,,,,,,
768939,,,,,,,,
772450,,,,,,,,
772791,,,,,,,,
772974,,,,,,,,
773787,,,,,,,,
774714,,,,,,,,
776552,,,,,,,,
776559,,,,,,,,
778999,,,,,,,,
781044,,,,,,,,
781763,,,,,,,,
783061,,,,,,,,
783683,,,,,,,,
784393,,,,,,,,
785521,,,,,,,,
789430,,,,,,,,
791295,,,,,,,,
795184,,,,,,,,
795510,,,,,,,,
796428,,,,,,,,
797594,,,,,,,,
797815,,,,,,,,
798383,,,,,,,,
799404,,,,,,,,
799406,,,,,,,,
799465,,,,,,,,
805454,,,,,,,,
805568,,,,,,,,
807196,,,,,,,,
808090,,,,,,,,
808422,,,,,,,,
812456,,,,,,,,
813812,,,,,,,,
814340,,,,,,,,
814981,,,,,,,,
815006,,,,,,,,
817485,,,,,,,,
819475,,,,,,,,
821427,,,,,,,,
821652,,,,,,,,
821890,,,,,,,,
822264,,,,,,,,
823215,,,,,,,,
823461,,,,,,,,
823618,,,,,,,,
824132,,,,,,,,
825997,,,,,,,,
827770,,,,,,,,
828397,,,,,,,,
829410,,,,,,,,
832588,,,,,,,,
833818,,,,,,,,
834742,,,,,,,,
836988,,,,,,,,
841502,,,,,,,,
842712,,,,,,,,
842934,,,,,,,,
842945,,,,,,,,
843697,,,,,,,,
844398,,,,,,,,
844404,,,,,,,,
844730,,,,,,,,
845140,,,,,,,,
850012,,,,,,,,
851104,,,,,,,,
852721,,,,,,,,
852881,,,,,,,,
853033,,,,,,,,
853919,,,,,,,,
854006,,,,,,,,
856715,,,,,,,,
859535,,,,,,,,
860159,,,,,,,,
860623,,,,,,,,
861944,,,,,,,,
863963,,,,,,,,
879122,,,,,,,,
879538,,,,,,,,
886043,,,,,,,,
890825,,,,,,,,
891910,,,,,,,,
893372,,,,,,,,
893752,,,,,,,,
894003,,,,,,,,
894169,,,,,,,,
894445,,,,,,,,
895246,,,,,,,,
896090,,,,,,,,
897620,,,,,,,,
901454,,,,,,,,
906221,,,,,,,,
912648,,,,,,,,
913851,,,,,,,,
919705,,,,,,,,
921643,,,,,,,,
923344,,,,,,,,
926461,,,,,,,,
928270,,,,,,,,
928333,,,,,,,,
928391,,,,,,,,
928720,,,,,,,,
930701,,,,,,,,
931440,,,,,,,,
931599,,,,,,,,
932126,,,,,,,,
932510,,,,,,,,
935076,,,,,,,,
935902,,,,,,,,
936634,,,,,,,,
937347,,,,,,,,
938596,,,,,,,,
939899,,,,,,,,
940002,,,,,,,,
942890,,,,,,,,
943788,,,,,,,,
947048,,,,,,,,
949640,,,,,,,,
949745,,,,,,,,
949983,,,,,,,,
950445,,,,,,,,
953553,,,,,,,,
960057,,,,,,,,
960081,,,,,,,,
960741,,,,,,,,
962232,,,,,,,,
965839,,,,,,,,
966186,,,,,,,,
968264,,,,,,,,
968739,,,,,,,,
968857,,,,,,,,
969926,,,,,,,,
970867,,,,,,,,
977013,,,,,,,,
977770,,,,,,,,
977935,,,,,,,,
980078,,,,,,,,
980285,,,,,,,,
981522,,,,,,,,
983294,,,,,,,,
983766,,,,,,,,
985883,,,,,,,,
986674,,,,,,,,
987540,,,,,,,,
990485,,,,,,,,
994287,,,,,,,,
997151,,,,,,,,
999644,,,,,,,,
1001103,,,,,,,,
1001498,,,,,,,,
1001973,,,,,,,,
1002701,,,,,,,,
1006176,,,,,,,,
1015017,,,,,,,,
1016054,,,,,,,,
1016088,,,,,,,,
1016279,,,,,,,,
1018754,,,,,,,,
1020394,,,,,,,,
1024127,,,,,,,,
1025067,,,,,,,,
1030419,,,,,,,,
1031476,,,,,,,,
1033667,,,,,,,,
1033807,,,,,,,,
1034155,,,,,,,,
1035803,,,,,,,,
1037022,,,,,,,,
1042557,,,,,,,,
1046043,,,,,,,,
1057378,,,,,,,,
1058218,,,,,,,,
1059673,,,,,,,,
1062774,,,,,,,,
1064103,,,,,,,,
1065676,,,,,,,,
1069069,,,,,,,,
1074080,,,,,,,,
1077661,,,,,,,,
1081694,,,,,,,,
1081725,,,,,,,,
1082206,,,,,,,,
1082478,,,,,,,,
1082707,,,,,,,,
1085103,,,,,,,,
1088226,,,,,,,,
1089225,,,,,,,,
1089951,,,,,,,,
1090594,,,,,,,,
1094319,,,,,,,,
1094403,,,,,,,,
1096400,,,,,,,,
1097150,,,,,,,,
1098160,,,,,,,,
1098239,,,,,,,,
1099639,,,,,,,,
1109534,,,,,,,,
1115939,,,,,,,,
1124341,,,,,,,,
1126110,,,,,,,,
1131302,,,,,,,,
1134866,,,,,,,,
1138088,,,,,,,,
1142790,,,,,,,,
1145754,,,,,,,,
1146412,,,,,,,,
1149162,,,,,,,,
1156481,,,,,,,,
1163138,,,,,,,,
1163231,,,,,,,,
1164322,,,,,,,,
1171541,,,,,,,,
1176314,,,,,,,,
1177954,,,,,,,,
1179558,,,,,,,,
1179837,,,,,,,,
1187863,,,,,,,,
1191309,,,,,,,,
1192595,,,,,,,,
